Workbook

Sheet MLB Lines
A1: FECHA | B1: TEAM A | C1: wRCa | D1: SP | E1: FIPa | F1: BP xFIPa | G1: xFIPtot | H1: TEAM B | I1: wRCb | J1: SP2 | K1: FIPb | L1: BP xFIPb | M1: xFIPtot2 | O1: tA | P1: tB | Q1: TOTAL | S1: hTeam | T1: PF | U1: W | V1: MPH | W1: T | Y1: GAME | Z1: TEAM 1 | AA1: TEAM 2 | AB1: mTotals | AC1: preTotals | AD1: spread # | AE1: team | AF1: mSpread | AG1: ML %
A2: 46106 | B2: YANKEES | C2: =VLOOKUP(B2, 'MLB Data'!$B$5:$D$34, 3, FALSE) | D2: FRIED | E2: 3.37 | F2: =VLOOKUP(B2, 'MLB Data'!$F$2:$H$34, 3, FALSE) | G2: =IF((E2*0.6+F2*0.4)<2.5, 2.8, IF((E2*0.6+F2*0.4)>5.5, 5.2, (E2*0.6+F2*0.4))) | H2: GIANTS | I2: =VLOOKUP(H2, 'MLB Data'!$B$5:$D$34, 3, FALSE) | J2: WEBB | K2: 3.03 | L2: =VLOOKUP(H2, 'MLB Data'!$F$2:$H$34, 3, FALSE) | M2: =IF((K2*0.6+L2*0.4)<2.5, 2.8, IF((K2*0.6+L2*0.4)>5.5, 5.2, (K2*0.6+L2*0.4))) | O2: =(C2/100) * 4.45 * (M2 / 4.2) * T2 | P2: =(I2/100) * 4.45 * (G2 / 4.2) * T2 | Q2: =(O2+P2) | S2: =H2 | T2: =IF(S2="ROCKIES",1.13,IF(S2="ATHLETICS",1.03,IF(S2="ROYALS",1.03,IF(S2="TWINS",1,IF(S2="TIGERS",1,IF(S2="MARLINS",1.01,IF(S2="REDS",1.05,IF(S2="RED SOX",1.04,IF(S2="YANKEES",1.02,IF(S2="DODGERS",0.99,IF(S2="PADRES",0.96,IF(S2="CUBS",0.98,IF(S2="GIANTS",0.97,IF(S2="MARINERS",0.94,IF(S2="RANGERS",1,IF(S2="ASTROS",0.99,IF(S2="BRAVES",1,IF(S2="METS",0.96,IF(S2="PHILLIES",1.02,IF(S2="BLUE JAYS",1.01,IF(S2="ORIOLES",0.99,IF(S2="RAYS",1.01,IF(S2="GUARDIANS",0.99,IF(S2="WHITE SOX",0.98,IF(S2="ANGELS",1.01,IF(S2="D-BACKS",1.01,IF(S2="BREWERS",0.99,IF(S2="CARDINALS",0.96,IF(S2="PIRATES",1.02,IF(S2="NATIONALS",1,1))))))))))))))))))))))))))))))*IF(W2="",1,(1+((W2-70)/10*0.035)))*IF(U2="DOME",1,IF(U2="IN",1-(V2*0.01),IF(U2="OUT",1+(V2*0.01),IF(OR(U2="L-R",U2="R-L"),1+(V2*0.005),1)))) | U2: OUT | W2: 75 | Y2: =B2 & " vs. " & H2 | Z2: =TRIM(LEFT(Y2, FIND("vs.", Y2)-1)) | AA2: =TRIM(MID(Y2, FIND(" vs. ", Y2)+4, 100)) | AB2: =IF(Q2 > VALUE(AC2), "O " & AC2, IF(Q2 < VALUE(AC2), "U " & AC2, AC2)) | AC2: =IF(OR(O2="-", P2="-"), "-", MROUND(O2 + P2, 0.5)) | AD2: =VALUE(TRIM(RIGHT(AF2, LEN(AF2) - FIND(" ", AF2)))) | AE2: =LEFT(AF2,FIND(" ",AF2)-1) | AF2: =IF(OR(O2="-", P2="-"), "-", IF(MROUND(ABS(O2-P2),0.5)<=0.5, IF(O2>P2, B2 & " ML", H2 & " ML"), IF(MROUND(ABS(O2-P2),0.5)=1, IF(O2>P2, H2 & " +1.5", B2 & " +1.5"), IF(O2>P2, B2 & " -1.5", H2 & " -1.5") ) ) ) | AG2: =_xlfn.LET( _xlpm.winA, O2^1.83 / (O2^1.83 + P2^1.83), _xlpm.winB, 1 - _xlpm.winA, _xlpm.oddsA, IF(_xlpm.winA >= 0.5, "-" & ROUND(_xlpm.winA / (1 - _xlpm.winA) * 100, 0), "+" & ROUND((1 - _xlpm.winA) / _xlpm.winA * 100, 0)), _xlpm.oddsB, IF(_xlpm.winB >= 0.5, "-" & ROUND(_xlpm.winB / (1 - _xlpm.winB) * 100, 0), "+" & ROUND((1 - _xlpm.winB) / _xlpm.winB * 100, 0)), _xlpm.oddsA & " / " & _xlpm.oddsB )
A3: 46107 | B3: PIRATES | C3: =VLOOKUP(B3, 'MLB Data'!$B$5:$D$34, 3, FALSE) | D3: SKENES | E3: 3.03 | F3: =VLOOKUP(B3, 'MLB Data'!$F$2:$H$34, 3, FALSE) | G3: =IF((E3*0.6+F3*0.4)<2.5, 2.8, IF((E3*0.6+F3*0.4)>5.5, 5.2, (E3*0.6+F3*0.4))) | H3: METS | I3: =VLOOKUP(H3, 'MLB Data'!$B$5:$D$34, 3, FALSE) | J3: PERALTA | K3: 3.85 | L3: =VLOOKUP(H3, 'MLB Data'!$F$2:$H$34, 3, FALSE) | M3: =IF((K3*0.6+L3*0.4)<2.5, 2.8, IF((K3*0.6+L3*0.4)>5.5, 5.2, (K3*0.6+L3*0.4))) | O3: =(C3/100) * 4.45 * (M3 / 4.2) * T3 | P3: =(I3/100) * 4.45 * (G3 / 4.2) * T3 | Q3: =(O3+P3) | S3: =H3 | T3: =IF(S3="ROCKIES",1.13,IF(S3="ATHLETICS",1.03,IF(S3="ROYALS",1.03,IF(S3="TWINS",1,IF(S3="TIGERS",1,IF(S3="MARLINS",1.01,IF(S3="REDS",1.05,IF(S3="RED SOX",1.04,IF(S3="YANKEES",1.02,IF(S3="DODGERS",0.99,IF(S3="PADRES",0.96,IF(S3="CUBS",0.98,IF(S3="GIANTS",0.97,IF(S3="MARINERS",0.94,IF(S3="RANGERS",1,IF(S3="ASTROS",0.99,IF(S3="BRAVES",1,IF(S3="METS",0.96,IF(S3="PHILLIES",1.02,IF(S3="BLUE JAYS",1.01,IF(S3="ORIOLES",0.99,IF(S3="RAYS",1.01,IF(S3="GUARDIANS",0.99,IF(S3="WHITE SOX",0.98,IF(S3="ANGELS",1.01,IF(S3="D-BACKS",1.01,IF(S3="BREWERS",0.99,IF(S3="CARDINALS",0.96,IF(S3="PIRATES",1.02,IF(S3="NATIONALS",1,1))))))))))))))))))))))))))))))*IF(W3="",1,(1+((W3-70)/10*0.035)))*IF(U3="DOME",1,IF(U3="IN",1-(V3*0.01),IF(U3="OUT",1+(V3*0.01),IF(OR(U3="L-R",U3="R-L"),1+(V3*0.005),1)))) | U3: OUT | W3: 66 | Y3: =B3 & " vs. " & H3 | Z3: =TRIM(LEFT(Y3, FIND("vs.", Y3)-1)) | AA3: =TRIM(MID(Y3, FIND(" vs. ", Y3)+4, 100)) | AB3: =IF(Q3 > VALUE(AC3), "O " & AC3, IF(Q3 < VALUE(AC3), "U " & AC3, AC3)) | AC3: =IF(OR(O3="-", P3="-"), "-", MROUND(O3 + P3, 0.5)) | AD3: =VALUE(TRIM(RIGHT(AF3, LEN(AF3) - FIND(" ", AF3)))) | AE3: =LEFT(AF3,FIND(" ",AF3)-1) | AF3: =IF(OR(O3="-", P3="-"), "-", IF(MROUND(ABS(O3-P3),0.5)<=0.5, IF(O3>P3, B3 & " ML", H3 & " ML"), IF(MROUND(ABS(O3-P3),0.5)=1, IF(O3>P3, H3 & " +1.5", B3 & " +1.5"), IF(O3>P3, B3 & " -1.5", H3 & " -1.5") ) ) ) | AG3: =_xlfn.LET( _xlpm.winA, O3^1.83 / (O3^1.83 + P3^1.83), _xlpm.winB, 1 - _xlpm.winA, _xlpm.oddsA, IF(_xlpm.winA >= 0.5, "-" & ROUND(_xlpm.winA / (1 - _xlpm.winA) * 100, 0), "+" & ROUND((1 - _xlpm.winA) / _xlpm.winA * 100, 0)), _xlpm.oddsB, IF(_xlpm.winB >= 0.5, "-" & ROUND(_xlpm.winB / (1 - _xlpm.winB) * 100, 0), "+" & ROUND((1 - _xlpm.winB) / _xlpm.winB * 100, 0)), _xlpm.oddsA & " / " & _xlpm.oddsB)
A4: 46107 | B4: WHITE SOX | C4: =VLOOKUP(B4, 'MLB Data'!$B$5:$D$34, 3, FALSE) | D4: SMITH | E4: 4.23 | F4: =VLOOKUP(B4, 'MLB Data'!$F$2:$H$34, 3, FALSE) | G4: =IF((E4*0.6+F4*0.4)<2.5, 2.8, IF((E4*0.6+F4*0.4)>5.5, 5.2, (E4*0.6+F4*0.4))) | H4: BREWERS | I4: =VLOOKUP(H4, 'MLB Data'!$B$5:$D$34, 3, FALSE) | J4: MISIOROWSKI | K4: 3.56 | L4: =VLOOKUP(H4, 'MLB Data'!$F$2:$H$34, 3, FALSE) | M4: =IF((K4*0.6+L4*0.4)<2.5, 2.8, IF((K4*0.6+L4*0.4)>5.5, 5.2, (K4*0.6+L4*0.4))) | O4: =(C4/100) * 4.45 * (M4 / 4.2) * T4 | P4: =(I4/100) * 4.45 * (G4 / 4.2) * T4 | Q4: =(O4+P4) | S4: =H4 | T4: =IF(S4="ROCKIES",1.13,IF(S4="ATHLETICS",1.03,IF(S4="ROYALS",1.03,IF(S4="TWINS",1,IF(S4="TIGERS",1,IF(S4="MARLINS",1.01,IF(S4="REDS",1.05,IF(S4="RED SOX",1.04,IF(S4="YANKEES",1.02,IF(S4="DODGERS",0.99,IF(S4="PADRES",0.96,IF(S4="CUBS",0.98,IF(S4="GIANTS",0.97,IF(S4="MARINERS",0.94,IF(S4="RANGERS",1,IF(S4="ASTROS",0.99,IF(S4="BRAVES",1,IF(S4="METS",0.96,IF(S4="PHILLIES",1.02,IF(S4="BLUE JAYS",1.01,IF(S4="ORIOLES",0.99,IF(S4="RAYS",1.01,IF(S4="GUARDIANS",0.99,IF(S4="WHITE SOX",0.98,IF(S4="ANGELS",1.01,IF(S4="D-BACKS",1.01,IF(S4="BREWERS",0.99,IF(S4="CARDINALS",0.96,IF(S4="PIRATES",1.02,IF(S4="NATIONALS",1,1))))))))))))))))))))))))))))))*IF(W4="",1,(1+((W4-70)/10*0.035)))*IF(U4="DOME",1,IF(U4="IN",1-(V4*0.01),IF(U4="OUT",1+(V4*0.01),IF(OR(U4="L-R",U4="R-L"),1+(V4*0.005),1)))) | U4: OUT | W4: 56 | Y4: =B4 & " vs. " & H4 | Z4: =TRIM(LEFT(Y4, FIND("vs.", Y4)-1)) | AA4: =TRIM(MID(Y4, FIND(" vs. ", Y4)+4, 100)) | AB4: =IF(Q4 > VALUE(AC4), "O " & AC4, IF(Q4 < VALUE(AC4), "U " & AC4, AC4)) | AC4: =IF(OR(O4="-", P4="-"), "-", MROUND(O4 + P4, 0.5)) | AD4: =VALUE(TRIM(RIGHT(AF4, LEN(AF4) - FIND(" ", AF4)))) | AE4: =LEFT(AF4,FIND(" ",AF4)-1) | AF4: =IF(OR(O4="-", P4="-"), "-", IF(MROUND(ABS(O4-P4),0.5)<=0.5, IF(O4>P4, B4 & " ML", H4 & " ML"), IF(MROUND(ABS(O4-P4),0.5)=1, IF(O4>P4, H4 & " +1.5", B4 & " +1.5"), IF(O4>P4, B4 & " -1.5", H4 & " -1.5") ) ) ) | AG4: =_xlfn.LET( _xlpm.winA, O4^1.83 / (O4^1.83 + P4^1.83), _xlpm.winB, 1 - _xlpm.winA, _xlpm.oddsA, IF(_xlpm.winA >= 0.5, "-" & ROUND(_xlpm.winA / (1 - _xlpm.winA) * 100, 0), "+" & ROUND((1 - _xlpm.winA) / _xlpm.winA * 100, 0)), _xlpm.oddsB, IF(_xlpm.winB >= 0.5, "-" & ROUND(_xlpm.winB / (1 - _xlpm.winB) * 100, 0), "+" & ROUND((1 - _xlpm.winB) / _xlpm.winB * 100, 0)), _xlpm.oddsA & " / " & _xlpm.oddsB)
A5: 46107 | B5: NATIONALS | C5: =VLOOKUP(B5, 'MLB Data'!$B$5:$D$34, 3, FALSE) | D5: CAVALLI | E5: 3.93 | F5: =VLOOKUP(B5, 'MLB Data'!$F$2:$H$34, 3, FALSE) | G5: =IF((E5*0.6+F5*0.4)<2.5, 2.8, IF((E5*0.6+F5*0.4)>5.5, 5.2, (E5*0.6+F5*0.4))) | H5: CUBS | I5: =VLOOKUP(H5, 'MLB Data'!$B$5:$D$34, 3, FALSE) | J5: BOYD | K5: 4.22 | L5: =VLOOKUP(H5, 'MLB Data'!$F$2:$H$34, 3, FALSE) | M5: =IF((K5*0.6+L5*0.4)<2.5, 2.8, IF((K5*0.6+L5*0.4)>5.5, 5.2, (K5*0.6+L5*0.4))) | O5: =(C5/100) * 4.45 * (M5 / 4.2) * T5 | P5: =(I5/100) * 4.45 * (G5 / 4.2) * T5 | Q5: =(O5+P5) | S5: =H5 | T5: =IF(S5="ROCKIES",1.13,IF(S5="ATHLETICS",1.03,IF(S5="ROYALS",1.03,IF(S5="TWINS",1,IF(S5="TIGERS",1,IF(S5="MARLINS",1.01,IF(S5="REDS",1.05,IF(S5="RED SOX",1.04,IF(S5="YANKEES",1.02,IF(S5="DODGERS",0.99,IF(S5="PADRES",0.96,IF(S5="CUBS",0.98,IF(S5="GIANTS",0.97,IF(S5="MARINERS",0.94,IF(S5="RANGERS",1,IF(S5="ASTROS",0.99,IF(S5="BRAVES",1,IF(S5="METS",0.96,IF(S5="PHILLIES",1.02,IF(S5="BLUE JAYS",1.01,IF(S5="ORIOLES",0.99,IF(S5="RAYS",1.01,IF(S5="GUARDIANS",0.99,IF(S5="WHITE SOX",0.98,IF(S5="ANGELS",1.01,IF(S5="D-BACKS",1.01,IF(S5="BREWERS",0.99,IF(S5="CARDINALS",0.96,IF(S5="PIRATES",1.02,IF(S5="NATIONALS",1,1))))))))))))))))))))))))))))))*IF(W5="",1,(1+((W5-70)/10*0.035)))*IF(U5="DOME",1,IF(U5="IN",1-(V5*0.01),IF(U5="OUT",1+(V5*0.01),IF(OR(U5="L-R",U5="R-L"),1+(V5*0.005),1)))) | U5: IN | W5: 57 | Y5: =B5 & " vs. " & H5 | Z5: =TRIM(LEFT(Y5, FIND("vs.", Y5)-1)) | AA5: =TRIM(MID(Y5, FIND(" vs. ", Y5)+4, 100)) | AB5: =IF(Q5 > VALUE(AC5), "O " & AC5, IF(Q5 < VALUE(AC5), "U " & AC5, AC5)) | AC5: =IF(OR(O5="-", P5="-"), "-", MROUND(O5 + P5, 0.5)) | AD5: =VALUE(TRIM(RIGHT(AF5, LEN(AF5) - FIND(" ", AF5)))) | AE5: =LEFT(AF5,FIND(" ",AF5)-1) | AF5: =IF(OR(O5="-", P5="-"), "-", IF(MROUND(ABS(O5-P5),0.5)<=0.5, IF(O5>P5, B5 & " ML", H5 & " ML"), IF(MROUND(ABS(O5-P5),0.5)=1, IF(O5>P5, H5 & " +1.5", B5 & " +1.5"), IF(O5>P5, B5 & " -1.5", H5 & " -1.5") ) ) ) | AG5: =_xlfn.LET( _xlpm.winA, O5^1.83 / (O5^1.83 + P5^1.83), _xlpm.winB, 1 - _xlpm.winA, _xlpm.oddsA, IF(_xlpm.winA >= 0.5, "-" & ROUND(_xlpm.winA / (1 - _xlpm.winA) * 100, 0), "+" & ROUND((1 - _xlpm.winA) / _xlpm.winA * 100, 0)), _xlpm.oddsB, IF(_xlpm.winB >= 0.5, "-" & ROUND(_xlpm.winB / (1 - _xlpm.winB) * 100, 0), "+" & ROUND((1 - _xlpm.winB) / _xlpm.winB * 100, 0)), _xlpm.oddsA & " / " & _xlpm.oddsB)
A6: 46107 | B6: TWINS | C6: =VLOOKUP(B6, 'MLB Data'!$B$5:$D$34, 3, FALSE) | D6: RYAN | E6: 3.66 | F6: =VLOOKUP(B6, 'MLB Data'!$F$2:$H$34, 3, FALSE) | G6: =IF((E6*0.6+F6*0.4)<2.5, 2.8, IF((E6*0.6+F6*0.4)>5.5, 5.2, (E6*0.6+F6*0.4))) | H6: ORIOLES | I6: =VLOOKUP(H6, 'MLB Data'!$B$5:$D$34, 3, FALSE) | J6: ROGERS | K6: 3.64 | L6: =VLOOKUP(H6, 'MLB Data'!$F$2:$H$34, 3, FALSE) | M6: =IF((K6*0.6+L6*0.4)<2.5, 2.8, IF((K6*0.6+L6*0.4)>5.5, 5.2, (K6*0.6+L6*0.4))) | O6: =(C6/100) * 4.45 * (M6 / 4.2) * T6 | P6: =(I6/100) * 4.45 * (G6 / 4.2) * T6 | Q6: =(O6+P6) | S6: =H6 | T6: =IF(S6="ROCKIES",1.13,IF(S6="ATHLETICS",1.03,IF(S6="ROYALS",1.03,IF(S6="TWINS",1,IF(S6="TIGERS",1,IF(S6="MARLINS",1.01,IF(S6="REDS",1.05,IF(S6="RED SOX",1.04,IF(S6="YANKEES",1.02,IF(S6="DODGERS",0.99,IF(S6="PADRES",0.96,IF(S6="CUBS",0.98,IF(S6="GIANTS",0.97,IF(S6="MARINERS",0.94,IF(S6="RANGERS",1,IF(S6="ASTROS",0.99,IF(S6="BRAVES",1,IF(S6="METS",0.96,IF(S6="PHILLIES",1.02,IF(S6="BLUE JAYS",1.01,IF(S6="ORIOLES",0.99,IF(S6="RAYS",1.01,IF(S6="GUARDIANS",0.99,IF(S6="WHITE SOX",0.98,IF(S6="ANGELS",1.01,IF(S6="D-BACKS",1.01,IF(S6="BREWERS",0.99,IF(S6="CARDINALS",0.96,IF(S6="PIRATES",1.02,IF(S6="NATIONALS",1,1))))))))))))))))))))))))))))))*IF(W6="",1,(1+((W6-70)/10*0.035)))*IF(U6="DOME",1,IF(U6="IN",1-(V6*0.01),IF(U6="OUT",1+(V6*0.01),IF(OR(U6="L-R",U6="R-L"),1+(V6*0.005),1)))) | U6: OUT | W6: 78 | Y6: =B6 & " vs. " & H6 | Z6: =TRIM(LEFT(Y6, FIND("vs.", Y6)-1)) | AA6: =TRIM(MID(Y6, FIND(" vs. ", Y6)+4, 100)) | AB6: =IF(Q6 > VALUE(AC6), "O " & AC6, IF(Q6 < VALUE(AC6), "U " & AC6, AC6)) | AC6: =IF(OR(O6="-", P6="-"), "-", MROUND(O6 + P6, 0.5)) | AD6: =VALUE(TRIM(RIGHT(AF6, LEN(AF6) - FIND(" ", AF6)))) | AE6: =LEFT(AF6,FIND(" ",AF6)-1) | AF6: =IF(OR(O6="-", P6="-"), "-", IF(MROUND(ABS(O6-P6),0.5)<=0.5, IF(O6>P6, B6 & " ML", H6 & " ML"), IF(MROUND(ABS(O6-P6),0.5)=1, IF(O6>P6, H6 & " +1.5", B6 & " +1.5"), IF(O6>P6, B6 & " -1.5", H6 & " -1.5") ) ) ) | AG6: =_xlfn.LET( _xlpm.winA, O6^1.83 / (O6^1.83 + P6^1.83), _xlpm.winB, 1 - _xlpm.winA, _xlpm.oddsA, IF(_xlpm.winA >= 0.5, "-" & ROUND(_xlpm.winA / (1 - _xlpm.winA) * 100, 0), "+" & ROUND((1 - _xlpm.winA) / _xlpm.winA * 100, 0)), _xlpm.oddsB, IF(_xlpm.winB >= 0.5, "-" & ROUND(_xlpm.winB / (1 - _xlpm.winB) * 100, 0), "+" & ROUND((1 - _xlpm.winB) / _xlpm.winB * 100, 0)), _xlpm.oddsA & " / " & _xlpm.oddsB)
A7: 46107 | B7: RED SOX | C7: =VLOOKUP(B7, 'MLB Data'!$B$5:$D$34, 3, FALSE) | D7: CROCHET | E7: 2.64 | F7: =VLOOKUP(B7, 'MLB Data'!$F$2:$H$34, 3, FALSE) | G7: =IF((E7*0.6+F7*0.4)<2.5, 2.8, IF((E7*0.6+F7*0.4)>5.5, 5.2, (E7*0.6+F7*0.4))) | H7: REDS | I7: =VLOOKUP(H7, 'MLB Data'!$B$5:$D$34, 3, FALSE) | J7: ABBOTT | K7: 4.31 | L7: =VLOOKUP(H7, 'MLB Data'!$F$2:$H$34, 3, FALSE) | M7: =IF((K7*0.6+L7*0.4)<2.5, 2.8, IF((K7*0.6+L7*0.4)>5.5, 5.2, (K7*0.6+L7*0.4))) | O7: =(C7/100) * 4.45 * (M7 / 4.2) * T7 | P7: =(I7/100) * 4.45 * (G7 / 4.2) * T7 | Q7: =(O7+P7) | S7: =H7 | T7: =IF(S7="ROCKIES",1.13,IF(S7="ATHLETICS",1.03,IF(S7="ROYALS",1.03,IF(S7="TWINS",1,IF(S7="TIGERS",1,IF(S7="MARLINS",1.01,IF(S7="REDS",1.05,IF(S7="RED SOX",1.04,IF(S7="YANKEES",1.02,IF(S7="DODGERS",0.99,IF(S7="PADRES",0.96,IF(S7="CUBS",0.98,IF(S7="GIANTS",0.97,IF(S7="MARINERS",0.94,IF(S7="RANGERS",1,IF(S7="ASTROS",0.99,IF(S7="BRAVES",1,IF(S7="METS",0.96,IF(S7="PHILLIES",1.02,IF(S7="BLUE JAYS",1.01,IF(S7="ORIOLES",0.99,IF(S7="RAYS",1.01,IF(S7="GUARDIANS",0.99,IF(S7="WHITE SOX",0.98,IF(S7="ANGELS",1.01,IF(S7="D-BACKS",1.01,IF(S7="BREWERS",0.99,IF(S7="CARDINALS",0.96,IF(S7="PIRATES",1.02,IF(S7="NATIONALS",1,1))))))))))))))))))))))))))))))*IF(W7="",1,(1+((W7-70)/10*0.035)))*IF(U7="DOME",1,IF(U7="IN",1-(V7*0.01),IF(U7="OUT",1+(V7*0.01),IF(OR(U7="L-R",U7="R-L"),1+(V7*0.005),1)))) | U7: OUT | W7: 80 | Y7: =B7 & " vs. " & H7 | Z7: =TRIM(LEFT(Y7, FIND("vs.", Y7)-1)) | AA7: =TRIM(MID(Y7, FIND(" vs. ", Y7)+4, 100)) | AB7: =IF(Q7 > VALUE(AC7), "O " & AC7, IF(Q7 < VALUE(AC7), "U " & AC7, AC7)) | AC7: =IF(OR(O7="-", P7="-"), "-", MROUND(O7 + P7, 0.5)) | AD7: =VALUE(TRIM(RIGHT(AF7, LEN(AF7) - FIND(" ", AF7)))) | AE7: =LEFT(AF7,FIND(" ",AF7)-1) | AF7: =IF(OR(O7="-", P7="-"), "-", IF(MROUND(ABS(O7-P7),0.5)<=0.5, IF(O7>P7, B7 & " ML", H7 & " ML"), IF(MROUND(ABS(O7-P7),0.5)=1, IF(O7>P7, H7 & " +1.5", B7 & " +1.5"), IF(O7>P7, B7 & " -1.5", H7 & " -1.5") ) ) ) | AG7: =_xlfn.LET( _xlpm.winA, O7^1.83 / (O7^1.83 + P7^1.83), _xlpm.winB, 1 - _xlpm.winA, _xlpm.oddsA, IF(_xlpm.winA >= 0.5, "-" & ROUND(_xlpm.winA / (1 - _xlpm.winA) * 100, 0), "+" & ROUND((1 - _xlpm.winA) / _xlpm.winA * 100, 0)), _xlpm.oddsB, IF(_xlpm.winB >= 0.5, "-" & ROUND(_xlpm.winB / (1 - _xlpm.winB) * 100, 0), "+" & ROUND((1 - _xlpm.winB) / _xlpm.winB * 100, 0)), _xlpm.oddsA & " / " & _xlpm.oddsB)
A8: 46107 | B8: ANGELS | C8: =VLOOKUP(B8, 'MLB Data'!$B$5:$D$34, 3, FALSE) | D8: SORIANO | E8: 3.54 | F8: =VLOOKUP(B8, 'MLB Data'!$F$2:$H$34, 3, FALSE) | G8: =IF((E8*0.6+F8*0.4)<2.5, 2.8, IF((E8*0.6+F8*0.4)>5.5, 5.2, (E8*0.6+F8*0.4))) | H8: ASTROS | I8: =VLOOKUP(H8, 'MLB Data'!$B$5:$D$34, 3, FALSE) | J8: BROWN | K8: 3.19 | L8: =VLOOKUP(H8, 'MLB Data'!$F$2:$H$34, 3, FALSE) | M8: =IF((K8*0.6+L8*0.4)<2.5, 2.8, IF((K8*0.6+L8*0.4)>5.5, 5.2, (K8*0.6+L8*0.4))) | O8: =(C8/100) * 4.45 * (M8 / 4.2) * T8 | P8: =(I8/100) * 4.45 * (G8 / 4.2) * T8 | Q8: =(O8+P8) | S8: =H8 | T8: =IF(S8="ROCKIES",1.13,IF(S8="ATHLETICS",1.03,IF(S8="ROYALS",1.03,IF(S8="TWINS",1,IF(S8="TIGERS",1,IF(S8="MARLINS",1.01,IF(S8="REDS",1.05,IF(S8="RED SOX",1.04,IF(S8="YANKEES",1.02,IF(S8="DODGERS",0.99,IF(S8="PADRES",0.96,IF(S8="CUBS",0.98,IF(S8="GIANTS",0.97,IF(S8="MARINERS",0.94,IF(S8="RANGERS",1,IF(S8="ASTROS",0.99,IF(S8="BRAVES",1,IF(S8="METS",0.96,IF(S8="PHILLIES",1.02,IF(S8="BLUE JAYS",1.01,IF(S8="ORIOLES",0.99,IF(S8="RAYS",1.01,IF(S8="GUARDIANS",0.99,IF(S8="WHITE SOX",0.98,IF(S8="ANGELS",1.01,IF(S8="D-BACKS",1.01,IF(S8="BREWERS",0.99,IF(S8="CARDINALS",0.96,IF(S8="PIRATES",1.02,IF(S8="NATIONALS",1,1))))))))))))))))))))))))))))))*IF(W8="",1,(1+((W8-70)/10*0.035)))*IF(U8="DOME",1,IF(U8="IN",1-(V8*0.01),IF(U8="OUT",1+(V8*0.01),IF(OR(U8="L-R",U8="R-L"),1+(V8*0.005),1)))) | U8: OUT | W8: 85 | Y8: =B8 & " vs. " & H8 | Z8: =TRIM(LEFT(Y8, FIND("vs.", Y8)-1)) | AA8: =TRIM(MID(Y8, FIND(" vs. ", Y8)+4, 100)) | AB8: =IF(Q8 > VALUE(AC8), "O " & AC8, IF(Q8 < VALUE(AC8), "U " & AC8, AC8)) | AC8: =IF(OR(O8="-", P8="-"), "-", MROUND(O8 + P8, 0.5)) | AD8: =VALUE(TRIM(RIGHT(AF8, LEN(AF8) - FIND(" ", AF8)))) | AE8: =LEFT(AF8,FIND(" ",AF8)-1) | AF8: =IF(OR(O8="-", P8="-"), "-", IF(MROUND(ABS(O8-P8),0.5)<=0.5, IF(O8>P8, B8 & " ML", H8 & " ML"), IF(MROUND(ABS(O8-P8),0.5)=1, IF(O8>P8, H8 & " +1.5", B8 & " +1.5"), IF(O8>P8, B8 & " -1.5", H8 & " -1.5") ) ) ) | AG8: =_xlfn.LET( _xlpm.winA, O8^1.83 / (O8^1.83 + P8^1.83), _xlpm.winB, 1 - _xlpm.winA, _xlpm.oddsA, IF(_xlpm.winA >= 0.5, "-" & ROUND(_xlpm.winA / (1 - _xlpm.winA) * 100, 0), "+" & ROUND((1 - _xlpm.winA) / _xlpm.winA * 100, 0)), _xlpm.oddsB, IF(_xlpm.winB >= 0.5, "-" & ROUND(_xlpm.winB / (1 - _xlpm.winB) * 100, 0), "+" & ROUND((1 - _xlpm.winB) / _xlpm.winB * 100, 0)), _xlpm.oddsA & " / " & _xlpm.oddsB)
A9: 46107 | B9: TIGERS | C9: =VLOOKUP(B9, 'MLB Data'!$B$5:$D$34, 3, FALSE) | D9: SKUBAL | E9: 2.66 | F9: =VLOOKUP(B9, 'MLB Data'!$F$2:$H$34, 3, FALSE) | G9: =IF((E9*0.6+F9*0.4)<2.5, 2.8, IF((E9*0.6+F9*0.4)>5.5, 5.2, (E9*0.6+F9*0.4))) | H9: PADRES | I9: =VLOOKUP(H9, 'MLB Data'!$B$5:$D$34, 3, FALSE) | J9: PIVETTA | K9: 3.85 | L9: =VLOOKUP(H9, 'MLB Data'!$F$2:$H$34, 3, FALSE) | M9: =IF((K9*0.6+L9*0.4)<2.5, 2.8, IF((K9*0.6+L9*0.4)>5.5, 5.2, (K9*0.6+L9*0.4))) | O9: =(C9/100) * 4.45 * (M9 / 4.2) * T9 | P9: =(I9/100) * 4.45 * (G9 / 4.2) * T9 | Q9: =(O9+P9) | S9: =H9 | T9: =IF(S9="ROCKIES",1.13,IF(S9="ATHLETICS",1.03,IF(S9="ROYALS",1.03,IF(S9="TWINS",1,IF(S9="TIGERS",1,IF(S9="MARLINS",1.01,IF(S9="REDS",1.05,IF(S9="RED SOX",1.04,IF(S9="YANKEES",1.02,IF(S9="DODGERS",0.99,IF(S9="PADRES",0.96,IF(S9="CUBS",0.98,IF(S9="GIANTS",0.97,IF(S9="MARINERS",0.94,IF(S9="RANGERS",1,IF(S9="ASTROS",0.99,IF(S9="BRAVES",1,IF(S9="METS",0.96,IF(S9="PHILLIES",1.02,IF(S9="BLUE JAYS",1.01,IF(S9="ORIOLES",0.99,IF(S9="RAYS",1.01,IF(S9="GUARDIANS",0.99,IF(S9="WHITE SOX",0.98,IF(S9="ANGELS",1.01,IF(S9="D-BACKS",1.01,IF(S9="BREWERS",0.99,IF(S9="CARDINALS",0.96,IF(S9="PIRATES",1.02,IF(S9="NATIONALS",1,1))))))))))))))))))))))))))))))*IF(W9="",1,(1+((W9-70)/10*0.035)))*IF(U9="DOME",1,IF(U9="IN",1-(V9*0.01),IF(U9="OUT",1+(V9*0.01),IF(OR(U9="L-R",U9="R-L"),1+(V9*0.005),1)))) | U9: OUT | W9: 78 | Y9: =B9 & " vs. " & H9 | Z9: =TRIM(LEFT(Y9, FIND("vs.", Y9)-1)) | AA9: =TRIM(MID(Y9, FIND(" vs. ", Y9)+4, 100)) | AB9: =IF(Q9 > VALUE(AC9), "O " & AC9, IF(Q9 < VALUE(AC9), "U " & AC9, AC9)) | AC9: =IF(OR(O9="-", P9="-"), "-", MROUND(O9 + P9, 0.5)) | AD9: =VALUE(TRIM(RIGHT(AF9, LEN(AF9) - FIND(" ", AF9)))) | AE9: =LEFT(AF9,FIND(" ",AF9)-1) | AF9: =IF(OR(O9="-", P9="-"), "-", IF(MROUND(ABS(O9-P9),0.5)<=0.5, IF(O9>P9, B9 & " ML", H9 & " ML"), IF(MROUND(ABS(O9-P9),0.5)=1, IF(O9>P9, H9 & " +1.5", B9 & " +1.5"), IF(O9>P9, B9 & " -1.5", H9 & " -1.5") ) ) ) | AG9: =_xlfn.LET( _xlpm.winA, O9^1.83 / (O9^1.83 + P9^1.83), _xlpm.winB, 1 - _xlpm.winA, _xlpm.oddsA, IF(_xlpm.winA >= 0.5, "-" & ROUND(_xlpm.winA / (1 - _xlpm.winA) * 100, 0), "+" & ROUND((1 - _xlpm.winA) / _xlpm.winA * 100, 0)), _xlpm.oddsB, IF(_xlpm.winB >= 0.5, "-" & ROUND(_xlpm.winB / (1 - _xlpm.winB) * 100, 0), "+" & ROUND((1 - _xlpm.winB) / _xlpm.winB * 100, 0)), _xlpm.oddsA & " / " & _xlpm.oddsB)
A10: 46107 | B10: RAYS | C10: =VLOOKUP(B10, 'MLB Data'!$B$5:$D$34, 3, FALSE) | D10: RASMUSSEN | E10: 3.72 | F10: =VLOOKUP(B10, 'MLB Data'!$F$2:$H$34, 3, FALSE) | G10: =IF((E10*0.6+F10*0.4)<2.5, 2.8, IF((E10*0.6+F10*0.4)>5.5, 5.2, (E10*0.6+F10*0.4))) | H10: CARDINALS | I10: =VLOOKUP(H10, 'MLB Data'!$B$5:$D$34, 3, FALSE) | J10: LIBERATORE | K10: 4.31 | L10: =VLOOKUP(H10, 'MLB Data'!$F$2:$H$34, 3, FALSE) | M10: =IF((K10*0.6+L10*0.4)<2.5, 2.8, IF((K10*0.6+L10*0.4)>5.5, 5.2, (K10*0.6+L10*0.4))) | O10: =(C10/100) * 4.45 * (M10 / 4.2) * T10 | P10: =(I10/100) * 4.45 * (G10 / 4.2) * T10 | Q10: =(O10+P10) | S10: =H10 | T10: =IF(S10="ROCKIES",1.13,IF(S10="ATHLETICS",1.03,IF(S10="ROYALS",1.03,IF(S10="TWINS",1,IF(S10="TIGERS",1,IF(S10="MARLINS",1.01,IF(S10="REDS",1.05,IF(S10="RED SOX",1.04,IF(S10="YANKEES",1.02,IF(S10="DODGERS",0.99,IF(S10="PADRES",0.96,IF(S10="CUBS",0.98,IF(S10="GIANTS",0.97,IF(S10="MARINERS",0.94,IF(S10="RANGERS",1,IF(S10="ASTROS",0.99,IF(S10="BRAVES",1,IF(S10="METS",0.96,IF(S10="PHILLIES",1.02,IF(S10="BLUE JAYS",1.01,IF(S10="ORIOLES",0.99,IF(S10="RAYS",1.01,IF(S10="GUARDIANS",0.99,IF(S10="WHITE SOX",0.98,IF(S10="ANGELS",1.01,IF(S10="D-BACKS",1.01,IF(S10="BREWERS",0.99,IF(S10="CARDINALS",0.96,IF(S10="PIRATES",1.02,IF(S10="NATIONALS",1,1))))))))))))))))))))))))))))))*IF(W10="",1,(1+((W10-70)/10*0.035)))*IF(U10="DOME",1,IF(U10="IN",1-(V10*0.01),IF(U10="OUT",1+(V10*0.01),IF(OR(U10="L-R",U10="R-L"),1+(V10*0.005),1)))) | U10: OUT | W10: 90 | Y10: =B10 & " vs. " & H10 | Z10: =TRIM(LEFT(Y10, FIND("vs.", Y10)-1)) | AA10: =TRIM(MID(Y10, FIND(" vs. ", Y10)+4, 100)) | AB10: =IF(Q10 > VALUE(AC10), "O " & AC10, IF(Q10 < VALUE(AC10), "U " & AC10, AC10)) | AC10: =IF(OR(O10="-", P10="-"), "-", MROUND(O10 + P10, 0.5)) | AD10: =VALUE(TRIM(RIGHT(AF10, LEN(AF10) - FIND(" ", AF10)))) | AE10: =LEFT(AF10,FIND(" ",AF10)-1) | AF10: =IF(OR(O10="-", P10="-"), "-", IF(MROUND(ABS(O10-P10),0.5)<=0.5, IF(O10>P10, B10 & " ML", H10 & " ML"), IF(MROUND(ABS(O10-P10),0.5)=1, IF(O10>P10, H10 & " +1.5", B10 & " +1.5"), IF(O10>P10, B10 & " -1.5", H10 & " -1.5") ) ) ) | AG10: =_xlfn.LET( _xlpm.winA, O10^1.83 / (O10^1.83 + P10^1.83), _xlpm.winB, 1 - _xlpm.winA, _xlpm.oddsA, IF(_xlpm.winA >= 0.5, "-" & ROUND(_xlpm.winA / (1 - _xlpm.winA) * 100, 0), "+" & ROUND((1 - _xlpm.winA) / _xlpm.winA * 100, 0)), _xlpm.oddsB, IF(_xlpm.winB >= 0.5, "-" & ROUND(_xlpm.winB / (1 - _xlpm.winB) * 100, 0), "+" & ROUND((1 - _xlpm.winB) / _xlpm.winB * 100, 0)), _xlpm.oddsA & " / " & _xlpm.oddsB)
A11: 46107 | B11: RANGERS | C11: =VLOOKUP(B11, 'MLB Data'!$B$5:$D$34, 3, FALSE) | D11: EOVALDI | E11: 3.03 | F11: =VLOOKUP(B11, 'MLB Data'!$F$2:$H$34, 3, FALSE) | G11: =IF((E11*0.6+F11*0.4)<2.5, 2.8, IF((E11*0.6+F11*0.4)>5.5, 5.2, (E11*0.6+F11*0.4))) | H11: PHILLIES | I11: =VLOOKUP(H11, 'MLB Data'!$B$5:$D$34, 3, FALSE) | J11: SANCHEZ | K11: 2.77 | L11: =VLOOKUP(H11, 'MLB Data'!$F$2:$H$34, 3, FALSE) | M11: =IF((K11*0.6+L11*0.4)<2.5, 2.8, IF((K11*0.6+L11*0.4)>5.5, 5.2, (K11*0.6+L11*0.4))) | O11: =(C11/100) * 4.45 * (M11 / 4.2) * T11 | P11: =(I11/100) * 4.45 * (G11 / 4.2) * T11 | Q11: =(O11+P11) | S11: =H11 | T11: =IF(S11="ROCKIES",1.13,IF(S11="ATHLETICS",1.03,IF(S11="ROYALS",1.03,IF(S11="TWINS",1,IF(S11="TIGERS",1,IF(S11="MARLINS",1.01,IF(S11="REDS",1.05,IF(S11="RED SOX",1.04,IF(S11="YANKEES",1.02,IF(S11="DODGERS",0.99,IF(S11="PADRES",0.96,IF(S11="CUBS",0.98,IF(S11="GIANTS",0.97,IF(S11="MARINERS",0.94,IF(S11="RANGERS",1,IF(S11="ASTROS",0.99,IF(S11="BRAVES",1,IF(S11="METS",0.96,IF(S11="PHILLIES",1.02,IF(S11="BLUE JAYS",1.01,IF(S11="ORIOLES",0.99,IF(S11="RAYS",1.01,IF(S11="GUARDIANS",0.99,IF(S11="WHITE SOX",0.98,IF(S11="ANGELS",1.01,IF(S11="D-BACKS",1.01,IF(S11="BREWERS",0.99,IF(S11="CARDINALS",0.96,IF(S11="PIRATES",1.02,IF(S11="NATIONALS",1,1))))))))))))))))))))))))))))))*IF(W11="",1,(1+((W11-70)/10*0.035)))*IF(U11="DOME",1,IF(U11="IN",1-(V11*0.01),IF(U11="OUT",1+(V11*0.01),IF(OR(U11="L-R",U11="R-L"),1+(V11*0.005),1)))) | U11: OUT | W11: 76 | Y11: =B11 & " vs. " & H11 | Z11: =TRIM(LEFT(Y11, FIND("vs.", Y11)-1)) | AA11: =TRIM(MID(Y11, FIND(" vs. ", Y11)+4, 100)) | AB11: =IF(Q11 > VALUE(AC11), "O " & AC11, IF(Q11 < VALUE(AC11), "U " & AC11, AC11)) | AC11: =IF(OR(O11="-", P11="-"), "-", MROUND(O11 + P11, 0.5)) | AD11: =VALUE(TRIM(RIGHT(AF11, LEN(AF11) - FIND(" ", AF11)))) | AE11: =LEFT(AF11,FIND(" ",AF11)-1) | AF11: =IF(OR(O11="-", P11="-"), "-", IF(MROUND(ABS(O11-P11),0.5)<=0.5, IF(O11>P11, B11 & " ML", H11 & " ML"), IF(MROUND(ABS(O11-P11),0.5)=1, IF(O11>P11, H11 & " +1.5", B11 & " +1.5"), IF(O11>P11, B11 & " -1.5", H11 & " -1.5") ) ) ) | AG11: =_xlfn.LET( _xlpm.winA, O11^1.83 / (O11^1.83 + P11^1.83), _xlpm.winB, 1 - _xlpm.winA, _xlpm.oddsA, IF(_xlpm.winA >= 0.5, "-" & ROUND(_xlpm.winA / (1 - _xlpm.winA) * 100, 0), "+" & ROUND((1 - _xlpm.winA) / _xlpm.winA * 100, 0)), _xlpm.oddsB, IF(_xlpm.winB >= 0.5, "-" & ROUND(_xlpm.winB / (1 - _xlpm.winB) * 100, 0), "+" & ROUND((1 - _xlpm.winB) / _xlpm.winB * 100, 0)), _xlpm.oddsA & " / " & _xlpm.oddsB)
A12: 46107 | B12: D-BACKS | C12: =VLOOKUP(B12, 'MLB Data'!$B$5:$D$34, 3, FALSE) | D12: GALLEN | E12: 4.12 | F12: =VLOOKUP(B12, 'MLB Data'!$F$2:$H$34, 3, FALSE) | G12: =IF((E12*0.6+F12*0.4)<2.5, 2.8, IF((E12*0.6+F12*0.4)>5.5, 5.2, (E12*0.6+F12*0.4))) | H12: DODGERS | I12: =VLOOKUP(H12, 'MLB Data'!$B$5:$D$34, 3, FALSE) | J12: YAMAMOTO | K12: 3.05 | L12: =VLOOKUP(H12, 'MLB Data'!$F$2:$H$34, 3, FALSE) | M12: =IF((K12*0.6+L12*0.4)<2.5, 2.8, IF((K12*0.6+L12*0.4)>5.5, 5.2, (K12*0.6+L12*0.4))) | O12: =(C12/100) * 4.45 * (M12 / 4.2) * T12 | P12: =(I12/100) * 4.45 * (G12 / 4.2) * T12 | Q12: =(O12+P12) | S12: =H12 | T12: =IF(S12="ROCKIES",1.13,IF(S12="ATHLETICS",1.03,IF(S12="ROYALS",1.03,IF(S12="TWINS",1,IF(S12="TIGERS",1,IF(S12="MARLINS",1.01,IF(S12="REDS",1.05,IF(S12="RED SOX",1.04,IF(S12="YANKEES",1.02,IF(S12="DODGERS",0.99,IF(S12="PADRES",0.96,IF(S12="CUBS",0.98,IF(S12="GIANTS",0.97,IF(S12="MARINERS",0.94,IF(S12="RANGERS",1,IF(S12="ASTROS",0.99,IF(S12="BRAVES",1,IF(S12="METS",0.96,IF(S12="PHILLIES",1.02,IF(S12="BLUE JAYS",1.01,IF(S12="ORIOLES",0.99,IF(S12="RAYS",1.01,IF(S12="GUARDIANS",0.99,IF(S12="WHITE SOX",0.98,IF(S12="ANGELS",1.01,IF(S12="D-BACKS",1.01,IF(S12="BREWERS",0.99,IF(S12="CARDINALS",0.96,IF(S12="PIRATES",1.02,IF(S12="NATIONALS",1,1))))))))))))))))))))))))))))))*IF(W12="",1,(1+((W12-70)/10*0.035)))*IF(U12="DOME",1,IF(U12="IN",1-(V12*0.01),IF(U12="OUT",1+(V12*0.01),IF(OR(U12="L-R",U12="R-L"),1+(V12*0.005),1)))) | U12: OUT | W12: 78 | Y12: =B12 & " vs. " & H12 | Z12: =TRIM(LEFT(Y12, FIND("vs.", Y12)-1)) | AA12: =TRIM(MID(Y12, FIND(" vs. ", Y12)+4, 100)) | AB12: =IF(Q12 > VALUE(AC12), "O " & AC12, IF(Q12 < VALUE(AC12), "U " & AC12, AC12)) | AC12: =IF(OR(O12="-", P12="-"), "-", MROUND(O12 + P12, 0.5)) | AD12: =VALUE(TRIM(RIGHT(AF12, LEN(AF12) - FIND(" ", AF12)))) | AE12: =LEFT(AF12,FIND(" ",AF12)-1) | AF12: =IF(OR(O12="-", P12="-"), "-", IF(MROUND(ABS(O12-P12),0.5)<=0.5, IF(O12>P12, B12 & " ML", H12 & " ML"), IF(MROUND(ABS(O12-P12),0.5)=1, IF(O12>P12, H12 & " +1.5", B12 & " +1.5"), IF(O12>P12, B12 & " -1.5", H12 & " -1.5") ) ) ) | AG12: =_xlfn.LET( _xlpm.winA, O12^1.83 / (O12^1.83 + P12^1.83), _xlpm.winB, 1 - _xlpm.winA, _xlpm.oddsA, IF(_xlpm.winA >= 0.5, "-" & ROUND(_xlpm.winA / (1 - _xlpm.winA) * 100, 0), "+" & ROUND((1 - _xlpm.winA) / _xlpm.winA * 100, 0)), _xlpm.oddsB, IF(_xlpm.winB >= 0.5, "-" & ROUND(_xlpm.winB / (1 - _xlpm.winB) * 100, 0), "+" & ROUND((1 - _xlpm.winB) / _xlpm.winB * 100, 0)), _xlpm.oddsA & " / " & _xlpm.oddsB)
A13: 46107 | B13: GUARDIANS | C13: =VLOOKUP(B13, 'MLB Data'!$B$5:$D$34, 3, FALSE) | D13: BIBEE | E13: 4.17 | F13: =VLOOKUP(B13, 'MLB Data'!$F$2:$H$34, 3, FALSE) | G13: =IF((E13*0.6+F13*0.4)<2.5, 2.8, IF((E13*0.6+F13*0.4)>5.5, 5.2, (E13*0.6+F13*0.4))) | H13: MARINERS | I13: =VLOOKUP(H13, 'MLB Data'!$B$5:$D$34, 3, FALSE) | J13: GILBERT | K13: 2.95 | L13: =VLOOKUP(H13, 'MLB Data'!$F$2:$H$34, 3, FALSE) | M13: =IF((K13*0.6+L13*0.4)<2.5, 2.8, IF((K13*0.6+L13*0.4)>5.5, 5.2, (K13*0.6+L13*0.4))) | O13: =(C13/100) * 4.45 * (M13 / 4.2) * T13 | P13: =(I13/100) * 4.45 * (G13 / 4.2) * T13 | Q13: =(O13+P13) | S13: =H13 | T13: =IF(S13="ROCKIES",1.13,IF(S13="ATHLETICS",1.03,IF(S13="ROYALS",1.03,IF(S13="TWINS",1,IF(S13="TIGERS",1,IF(S13="MARLINS",1.01,IF(S13="REDS",1.05,IF(S13="RED SOX",1.04,IF(S13="YANKEES",1.02,IF(S13="DODGERS",0.99,IF(S13="PADRES",0.96,IF(S13="CUBS",0.98,IF(S13="GIANTS",0.97,IF(S13="MARINERS",0.94,IF(S13="RANGERS",1,IF(S13="ASTROS",0.99,IF(S13="BRAVES",1,IF(S13="METS",0.96,IF(S13="PHILLIES",1.02,IF(S13="BLUE JAYS",1.01,IF(S13="ORIOLES",0.99,IF(S13="RAYS",1.01,IF(S13="GUARDIANS",0.99,IF(S13="WHITE SOX",0.98,IF(S13="ANGELS",1.01,IF(S13="D-BACKS",1.01,IF(S13="BREWERS",0.99,IF(S13="CARDINALS",0.96,IF(S13="PIRATES",1.02,IF(S13="NATIONALS",1,1))))))))))))))))))))))))))))))*IF(W13="",1,(1+((W13-70)/10*0.035)))*IF(U13="DOME",1,IF(U13="IN",1-(V13*0.01),IF(U13="OUT",1+(V13*0.01),IF(OR(U13="L-R",U13="R-L"),1+(V13*0.005),1)))) | U13: OUT | W13: 50 | Y13: =B13 & " vs. " & H13 | Z13: =TRIM(LEFT(Y13, FIND("vs.", Y13)-1)) | AA13: =TRIM(MID(Y13, FIND(" vs. ", Y13)+4, 100)) | AB13: =IF(Q13 > VALUE(AC13), "O " & AC13, IF(Q13 < VALUE(AC13), "U " & AC13, AC13)) | AC13: =IF(OR(O13="-", P13="-"), "-", MROUND(O13 + P13, 0.5)) | AD13: =VALUE(TRIM(RIGHT(AF13, LEN(AF13) - FIND(" ", AF13)))) | AE13: =LEFT(AF13,FIND(" ",AF13)-1) | AF13: =IF(OR(O13="-", P13="-"), "-", IF(MROUND(ABS(O13-P13),0.5)<=0.5, IF(O13>P13, B13 & " ML", H13 & " ML"), IF(MROUND(ABS(O13-P13),0.5)=1, IF(O13>P13, H13 & " +1.5", B13 & " +1.5"), IF(O13>P13, B13 & " -1.5", H13 & " -1.5") ) ) ) | AG13: =_xlfn.LET( _xlpm.winA, O13^1.83 / (O13^1.83 + P13^1.83), _xlpm.winB, 1 - _xlpm.winA, _xlpm.oddsA, IF(_xlpm.winA >= 0.5, "-" & ROUND(_xlpm.winA / (1 - _xlpm.winA) * 100, 0), "+" & ROUND((1 - _xlpm.winA) / _xlpm.winA * 100, 0)), _xlpm.oddsB, IF(_xlpm.winB >= 0.5, "-" & ROUND(_xlpm.winB / (1 - _xlpm.winB) * 100, 0), "+" & ROUND((1 - _xlpm.winB) / _xlpm.winB * 100, 0)), _xlpm.oddsA & " / " & _xlpm.oddsB)
A14: 46108 | B14: YANKEES | C14: =VLOOKUP(B14, 'MLB Data'!$B$5:$D$34, 3, FALSE) | D14: SCHLITTLER | E14: 3.77 | F14: =VLOOKUP(B14, 'MLB Data'!$F$2:$H$34, 3, FALSE) | G14: =IF((E14*0.6+F14*0.4)<2.5, 2.8, IF((E14*0.6+F14*0.4)>5.5, 5.2, (E14*0.6+F14*0.4))) | H14: GIANTS | I14: =VLOOKUP(H14, 'MLB Data'!$B$5:$D$34, 3, FALSE) | J14: RAY | K14: 4.29 | L14: =VLOOKUP(H14, 'MLB Data'!$F$2:$H$34, 3, FALSE) | M14: =IF((K14*0.6+L14*0.4)<2.5, 2.8, IF((K14*0.6+L14*0.4)>5.5, 5.2, (K14*0.6+L14*0.4))) | O14: =(C14/100) * 4.45 * (M14 / 4.2) * T14 | P14: =(I14/100) * 4.45 * (G14 / 4.2) * T14 | Q14: =(O14+P14) | S14: =H14 | T14: =IF(S14="ROCKIES",1.13,IF(S14="ATHLETICS",1.03,IF(S14="ROYALS",1.03,IF(S14="TWINS",1,IF(S14="TIGERS",1,IF(S14="MARLINS",1.01,IF(S14="REDS",1.05,IF(S14="RED SOX",1.04,IF(S14="YANKEES",1.02,IF(S14="DODGERS",0.99,IF(S14="PADRES",0.96,IF(S14="CUBS",0.98,IF(S14="GIANTS",0.97,IF(S14="MARINERS",0.94,IF(S14="RANGERS",1,IF(S14="ASTROS",0.99,IF(S14="BRAVES",1,IF(S14="METS",0.96,IF(S14="PHILLIES",1.02,IF(S14="BLUE JAYS",1.01,IF(S14="ORIOLES",0.99,IF(S14="RAYS",1.01,IF(S14="GUARDIANS",0.99,IF(S14="WHITE SOX",0.98,IF(S14="ANGELS",1.01,IF(S14="D-BACKS",1.01,IF(S14="BREWERS",0.99,IF(S14="CARDINALS",0.96,IF(S14="PIRATES",1.02,IF(S14="NATIONALS",1,1))))))))))))))))))))))))))))))*IF(W14="",1,(1+((W14-70)/10*0.035)))*IF(U14="DOME",1,IF(U14="IN",1-(V14*0.01),IF(U14="OUT",1+(V14*0.01),IF(OR(U14="L-R",U14="R-L"),1+(V14*0.005),1)))) | W14: 74 | Y14: =B14 & " vs. " & H14 | Z14: =TRIM(LEFT(Y14, FIND("vs.", Y14)-1)) | AA14: =TRIM(MID(Y14, FIND(" vs. ", Y14)+4, 100)) | AB14: =IF(Q14 > VALUE(AC14), "O " & AC14, IF(Q14 < VALUE(AC14), "U " & AC14, AC14)) | AC14: =IF(OR(O14="-", P14="-"), "-", MROUND(O14 + P14, 0.5)) | AD14: =VALUE(TRIM(RIGHT(AF14, LEN(AF14) - FIND(" ", AF14)))) | AE14: =LEFT(AF14,FIND(" ",AF14)-1) | AF14: =IF(OR(O14="-", P14="-"), "-", IF(MROUND(ABS(O14-P14),0.5)<=0.5, IF(O14>P14, B14 & " ML", H14 & " ML"), IF(MROUND(ABS(O14-P14),0.5)=1, IF(O14>P14, H14 & " +1.5", B14 & " +1.5"), IF(O14>P14, B14 & " -1.5", H14 & " -1.5") ) ) ) | AG14: =_xlfn.LET( _xlpm.winA, O14^1.83 / (O14^1.83 + P14^1.83), _xlpm.winB, 1 - _xlpm.winA, _xlpm.oddsA, IF(_xlpm.winA >= 0.5, "-" & ROUND(_xlpm.winA / (1 - _xlpm.winA) * 100, 0), "+" & ROUND((1 - _xlpm.winA) / _xlpm.winA * 100, 0)), _xlpm.oddsB, IF(_xlpm.winB >= 0.5, "-" & ROUND(_xlpm.winB / (1 - _xlpm.winB) * 100, 0), "+" & ROUND((1 - _xlpm.winB) / _xlpm.winB * 100, 0)), _xlpm.oddsA & " / " & _xlpm.oddsB)
A15: 46108 | B15: ATHLETICS | C15: =VLOOKUP(B15, 'MLB Data'!$B$5:$D$34, 3, FALSE) | D15: SEVERINO | E15: 4.63 | F15: =VLOOKUP(B15, 'MLB Data'!$F$2:$H$34, 3, FALSE) | G15: =IF((E15*0.6+F15*0.4)<2.5, 2.8, IF((E15*0.6+F15*0.4)>5.5, 5.2, (E15*0.6+F15*0.4))) | H15: BLUE JAYS | I15: =VLOOKUP(H15, 'MLB Data'!$B$5:$D$34, 3, FALSE) | J15: GAUSMAN | K15: 3.77 | L15: =VLOOKUP(H15, 'MLB Data'!$F$2:$H$34, 3, FALSE) | M15: =IF((K15*0.6+L15*0.4)<2.5, 2.8, IF((K15*0.6+L15*0.4)>5.5, 5.2, (K15*0.6+L15*0.4))) | O15: =(C15/100) * 4.45 * (M15 / 4.2) * T15 | P15: =(I15/100) * 4.45 * (G15 / 4.2) * T15 | Q15: =(O15+P15) | S15: =H15 | T15: =IF(S15="ROCKIES",1.13,IF(S15="ATHLETICS",1.03,IF(S15="ROYALS",1.03,IF(S15="TWINS",1,IF(S15="TIGERS",1,IF(S15="MARLINS",1.01,IF(S15="REDS",1.05,IF(S15="RED SOX",1.04,IF(S15="YANKEES",1.02,IF(S15="DODGERS",0.99,IF(S15="PADRES",0.96,IF(S15="CUBS",0.98,IF(S15="GIANTS",0.97,IF(S15="MARINERS",0.94,IF(S15="RANGERS",1,IF(S15="ASTROS",0.99,IF(S15="BRAVES",1,IF(S15="METS",0.96,IF(S15="PHILLIES",1.02,IF(S15="BLUE JAYS",1.01,IF(S15="ORIOLES",0.99,IF(S15="RAYS",1.01,IF(S15="GUARDIANS",0.99,IF(S15="WHITE SOX",0.98,IF(S15="ANGELS",1.01,IF(S15="D-BACKS",1.01,IF(S15="BREWERS",0.99,IF(S15="CARDINALS",0.96,IF(S15="PIRATES",1.02,IF(S15="NATIONALS",1,1))))))))))))))))))))))))))))))*IF(W15="",1,(1+((W15-70)/10*0.035)))*IF(U15="DOME",1,IF(U15="IN",1-(V15*0.01),IF(U15="OUT",1+(V15*0.01),IF(OR(U15="L-R",U15="R-L"),1+(V15*0.005),1)))) | U15: DOME | W15: 29 | Y15: =B15 & " vs. " & H15 | Z15: =TRIM(LEFT(Y15, FIND("vs.", Y15)-1)) | AA15: =TRIM(MID(Y15, FIND(" vs. ", Y15)+4, 100)) | AB15: =IF(Q15 > VALUE(AC15), "O " & AC15, IF(Q15 < VALUE(AC15), "U " & AC15, AC15)) | AC15: =IF(OR(O15="-", P15="-"), "-", MROUND(O15 + P15, 0.5)) | AD15: =VALUE(TRIM(RIGHT(AF15, LEN(AF15) - FIND(" ", AF15)))) | AE15: =LEFT(AF15,FIND(" ",AF15)-1) | AF15: =IF(OR(O15="-", P15="-"), "-", IF(MROUND(ABS(O15-P15),0.5)<=0.5, IF(O15>P15, B15 & " ML", H15 & " ML"), IF(MROUND(ABS(O15-P15),0.5)=1, IF(O15>P15, H15 & " +1.5", B15 & " +1.5"), IF(O15>P15, B15 & " -1.5", H15 & " -1.5") ) ) ) | AG15: =_xlfn.LET( _xlpm.winA, O15^1.83 / (O15^1.83 + P15^1.83), _xlpm.winB, 1 - _xlpm.winA, _xlpm.oddsA, IF(_xlpm.winA >= 0.5, "-" & ROUND(_xlpm.winA / (1 - _xlpm.winA) * 100, 0), "+" & ROUND((1 - _xlpm.winA) / _xlpm.winA * 100, 0)), _xlpm.oddsB, IF(_xlpm.winB >= 0.5, "-" & ROUND(_xlpm.winB / (1 - _xlpm.winB) * 100, 0), "+" & ROUND((1 - _xlpm.winB) / _xlpm.winB * 100, 0)), _xlpm.oddsA & " / " & _xlpm.oddsB)
A16: 46108 | B16: ROCKIES | C16: =VLOOKUP(B16, 'MLB Data'!$B$5:$D$34, 3, FALSE) | D16: FREELAND | E16: 4.29 | F16: =VLOOKUP(B16, 'MLB Data'!$F$2:$H$34, 3, FALSE) | G16: =IF((E16*0.6+F16*0.4)<2.5, 2.8, IF((E16*0.6+F16*0.4)>5.5, 5.2, (E16*0.6+F16*0.4))) | H16: MARLINS | I16: =VLOOKUP(H16, 'MLB Data'!$B$5:$D$34, 3, FALSE) | J16: ALCANTARA | K16: 4.19 | L16: =VLOOKUP(H16, 'MLB Data'!$F$2:$H$34, 3, FALSE) | M16: =IF((K16*0.6+L16*0.4)<2.5, 2.8, IF((K16*0.6+L16*0.4)>5.5, 5.2, (K16*0.6+L16*0.4))) | O16: =(C16/100) * 4.45 * (M16 / 4.2) * T16 | P16: =(I16/100) * 4.45 * (G16 / 4.2) * T16 | Q16: =(O16+P16) | S16: =H16 | T16: =IF(S16="ROCKIES",1.13,IF(S16="ATHLETICS",1.03,IF(S16="ROYALS",1.03,IF(S16="TWINS",1,IF(S16="TIGERS",1,IF(S16="MARLINS",1.01,IF(S16="REDS",1.05,IF(S16="RED SOX",1.04,IF(S16="YANKEES",1.02,IF(S16="DODGERS",0.99,IF(S16="PADRES",0.96,IF(S16="CUBS",0.98,IF(S16="GIANTS",0.97,IF(S16="MARINERS",0.94,IF(S16="RANGERS",1,IF(S16="ASTROS",0.99,IF(S16="BRAVES",1,IF(S16="METS",0.96,IF(S16="PHILLIES",1.02,IF(S16="BLUE JAYS",1.01,IF(S16="ORIOLES",0.99,IF(S16="RAYS",1.01,IF(S16="GUARDIANS",0.99,IF(S16="WHITE SOX",0.98,IF(S16="ANGELS",1.01,IF(S16="D-BACKS",1.01,IF(S16="BREWERS",0.99,IF(S16="CARDINALS",0.96,IF(S16="PIRATES",1.02,IF(S16="NATIONALS",1,1))))))))))))))))))))))))))))))*IF(W16="",1,(1+((W16-70)/10*0.035)))*IF(U16="DOME",1,IF(U16="IN",1-(V16*0.01),IF(U16="OUT",1+(V16*0.01),IF(OR(U16="L-R",U16="R-L"),1+(V16*0.005),1)))) | U16: DOME | W16: 78 | Y16: =B16 & " vs. " & H16 | Z16: =TRIM(LEFT(Y16, FIND("vs.", Y16)-1)) | AA16: =TRIM(MID(Y16, FIND(" vs. ", Y16)+4, 100)) | AB16: =IF(Q16 > VALUE(AC16), "O " & AC16, IF(Q16 < VALUE(AC16), "U " & AC16, AC16)) | AC16: =IF(OR(O16="-", P16="-"), "-", MROUND(O16 + P16, 0.5)) | AD16: =VALUE(TRIM(RIGHT(AF16, LEN(AF16) - FIND(" ", AF16)))) | AE16: =LEFT(AF16,FIND(" ",AF16)-1) | AF16: =IF(OR(O16="-", P16="-"), "-", IF(MROUND(ABS(O16-P16),0.5)<=0.5, IF(O16>P16, B16 & " ML", H16 & " ML"), IF(MROUND(ABS(O16-P16),0.5)=1, IF(O16>P16, H16 & " +1.5", B16 & " +1.5"), IF(O16>P16, B16 & " -1.5", H16 & " -1.5") ) ) ) | AG16: =_xlfn.LET( _xlpm.winA, O16^1.83 / (O16^1.83 + P16^1.83), _xlpm.winB, 1 - _xlpm.winA, _xlpm.oddsA, IF(_xlpm.winA >= 0.5, "-" & ROUND(_xlpm.winA / (1 - _xlpm.winA) * 100, 0), "+" & ROUND((1 - _xlpm.winA) / _xlpm.winA * 100, 0)), _xlpm.oddsB, IF(_xlpm.winB >= 0.5, "-" & ROUND(_xlpm.winB / (1 - _xlpm.winB) * 100, 0), "+" & ROUND((1 - _xlpm.winB) / _xlpm.winB * 100, 0)), _xlpm.oddsA & " / " & _xlpm.oddsB)
A17: 46108 | B17: ROYALS | C17: =VLOOKUP(B17, 'MLB Data'!$B$5:$D$34, 3, FALSE) | D17: RAGANS | E17: 2.45 | F17: =VLOOKUP(B17, 'MLB Data'!$F$2:$H$34, 3, FALSE) | G17: =IF((E17*0.6+F17*0.4)<2.5, 2.8, IF((E17*0.6+F17*0.4)>5.5, 5.2, (E17*0.6+F17*0.4))) | H17: BRAVES | I17: =VLOOKUP(H17, 'MLB Data'!$B$5:$D$34, 3, FALSE) | J17: SALE | K17: 2.98 | L17: =VLOOKUP(H17, 'MLB Data'!$F$2:$H$34, 3, FALSE) | M17: =IF((K17*0.6+L17*0.4)<2.5, 2.8, IF((K17*0.6+L17*0.4)>5.5, 5.2, (K17*0.6+L17*0.4))) | O17: =(C17/100) * 4.45 * (M17 / 4.2) * T17 | P17: =(I17/100) * 4.45 * (G17 / 4.2) * T17 | Q17: =(O17+P17) | S17: =H17 | T17: =IF(S17="ROCKIES",1.13,IF(S17="ATHLETICS",1.03,IF(S17="ROYALS",1.03,IF(S17="TWINS",1,IF(S17="TIGERS",1,IF(S17="MARLINS",1.01,IF(S17="REDS",1.05,IF(S17="RED SOX",1.04,IF(S17="YANKEES",1.02,IF(S17="DODGERS",0.99,IF(S17="PADRES",0.96,IF(S17="CUBS",0.98,IF(S17="GIANTS",0.97,IF(S17="MARINERS",0.94,IF(S17="RANGERS",1,IF(S17="ASTROS",0.99,IF(S17="BRAVES",1,IF(S17="METS",0.96,IF(S17="PHILLIES",1.02,IF(S17="BLUE JAYS",1.01,IF(S17="ORIOLES",0.99,IF(S17="RAYS",1.01,IF(S17="GUARDIANS",0.99,IF(S17="WHITE SOX",0.98,IF(S17="ANGELS",1.01,IF(S17="D-BACKS",1.01,IF(S17="BREWERS",0.99,IF(S17="CARDINALS",0.96,IF(S17="PIRATES",1.02,IF(S17="NATIONALS",1,1))))))))))))))))))))))))))))))*IF(W17="",1,(1+((W17-70)/10*0.035)))*IF(U17="DOME",1,IF(U17="IN",1-(V17*0.01),IF(U17="OUT",1+(V17*0.01),IF(OR(U17="L-R",U17="R-L"),1+(V17*0.005),1)))) | U17: OUT | W17: 78 | Y17: =B17 & " vs. " & H17 | Z17: =TRIM(LEFT(Y17, FIND("vs.", Y17)-1)) | AA17: =TRIM(MID(Y17, FIND(" vs. ", Y17)+4, 100)) | AB17: =IF(Q17 > VALUE(AC17), "O " & AC17, IF(Q17 < VALUE(AC17), "U " & AC17, AC17)) | AC17: =IF(OR(O17="-", P17="-"), "-", MROUND(O17 + P17, 0.5)) | AD17: =VALUE(TRIM(RIGHT(AF17, LEN(AF17) - FIND(" ", AF17)))) | AE17: =LEFT(AF17,FIND(" ",AF17)-1) | AF17: =IF(OR(O17="-", P17="-"), "-", IF(MROUND(ABS(O17-P17),0.5)<=0.5, IF(O17>P17, B17 & " ML", H17 & " ML"), IF(MROUND(ABS(O17-P17),0.5)=1, IF(O17>P17, H17 & " +1.5", B17 & " +1.5"), IF(O17>P17, B17 & " -1.5", H17 & " -1.5") ) ) ) | AG17: =_xlfn.LET( _xlpm.winA, O17^1.83 / (O17^1.83 + P17^1.83), _xlpm.winB, 1 - _xlpm.winA, _xlpm.oddsA, IF(_xlpm.winA >= 0.5, "-" & ROUND(_xlpm.winA / (1 - _xlpm.winA) * 100, 0), "+" & ROUND((1 - _xlpm.winA) / _xlpm.winA * 100, 0)), _xlpm.oddsB, IF(_xlpm.winB >= 0.5, "-" & ROUND(_xlpm.winB / (1 - _xlpm.winB) * 100, 0), "+" & ROUND((1 - _xlpm.winB) / _xlpm.winB * 100, 0)), _xlpm.oddsA & " / " & _xlpm.oddsB)
A18: 46108 | B18: ANGELS | C18: =VLOOKUP(B18, 'MLB Data'!$B$5:$D$34, 3, FALSE) | D18: KIKUCHI | E18: 4.28 | F18: =VLOOKUP(B18, 'MLB Data'!$F$2:$H$34, 3, FALSE) | G18: =IF((E18*0.6+F18*0.4)<2.5, 2.8, IF((E18*0.6+F18*0.4)>5.5, 5.2, (E18*0.6+F18*0.4))) | H18: ASTROS | I18: =VLOOKUP(H18, 'MLB Data'!$B$5:$D$34, 3, FALSE) | J18: BURROWS | K18: 3.86 | L18: =VLOOKUP(H18, 'MLB Data'!$F$2:$H$34, 3, FALSE) | M18: =IF((K18*0.6+L18*0.4)<2.5, 2.8, IF((K18*0.6+L18*0.4)>5.5, 5.2, (K18*0.6+L18*0.4))) | O18: =(C18/100) * 4.45 * (M18 / 4.2) * T18 | P18: =(I18/100) * 4.45 * (G18 / 4.2) * T18 | Q18: =(O18+P18) | S18: =H18 | T18: =IF(S18="ROCKIES",1.13,IF(S18="ATHLETICS",1.03,IF(S18="ROYALS",1.03,IF(S18="TWINS",1,IF(S18="TIGERS",1,IF(S18="MARLINS",1.01,IF(S18="REDS",1.05,IF(S18="RED SOX",1.04,IF(S18="YANKEES",1.02,IF(S18="DODGERS",0.99,IF(S18="PADRES",0.96,IF(S18="CUBS",0.98,IF(S18="GIANTS",0.97,IF(S18="MARINERS",0.94,IF(S18="RANGERS",1,IF(S18="ASTROS",0.99,IF(S18="BRAVES",1,IF(S18="METS",0.96,IF(S18="PHILLIES",1.02,IF(S18="BLUE JAYS",1.01,IF(S18="ORIOLES",0.99,IF(S18="RAYS",1.01,IF(S18="GUARDIANS",0.99,IF(S18="WHITE SOX",0.98,IF(S18="ANGELS",1.01,IF(S18="D-BACKS",1.01,IF(S18="BREWERS",0.99,IF(S18="CARDINALS",0.96,IF(S18="PIRATES",1.02,IF(S18="NATIONALS",1,1))))))))))))))))))))))))))))))*IF(W18="",1,(1+((W18-70)/10*0.035)))*IF(U18="DOME",1,IF(U18="IN",1-(V18*0.01),IF(U18="OUT",1+(V18*0.01),IF(OR(U18="L-R",U18="R-L"),1+(V18*0.005),1)))) | U18: DOME | W18: 81 | Y18: =B18 & " vs. " & H18 | Z18: =TRIM(LEFT(Y18, FIND("vs.", Y18)-1)) | AA18: =TRIM(MID(Y18, FIND(" vs. ", Y18)+4, 100)) | AB18: =IF(Q18 > VALUE(AC18), "O " & AC18, IF(Q18 < VALUE(AC18), "U " & AC18, AC18)) | AC18: =IF(OR(O18="-", P18="-"), "-", MROUND(O18 + P18, 0.5)) | AD18: =VALUE(TRIM(RIGHT(AF18, LEN(AF18) - FIND(" ", AF18)))) | AE18: =LEFT(AF18,FIND(" ",AF18)-1) | AF18: =IF(OR(O18="-", P18="-"), "-", IF(MROUND(ABS(O18-P18),0.5)<=0.5, IF(O18>P18, B18 & " ML", H18 & " ML"), IF(MROUND(ABS(O18-P18),0.5)=1, IF(O18>P18, H18 & " +1.5", B18 & " +1.5"), IF(O18>P18, B18 & " -1.5", H18 & " -1.5") ) ) ) | AG18: =_xlfn.LET( _xlpm.winA, O18^1.83 / (O18^1.83 + P18^1.83), _xlpm.winB, 1 - _xlpm.winA, _xlpm.oddsA, IF(_xlpm.winA >= 0.5, "-" & ROUND(_xlpm.winA / (1 - _xlpm.winA) * 100, 0), "+" & ROUND((1 - _xlpm.winA) / _xlpm.winA * 100, 0)), _xlpm.oddsB, IF(_xlpm.winB >= 0.5, "-" & ROUND(_xlpm.winB / (1 - _xlpm.winB) * 100, 0), "+" & ROUND((1 - _xlpm.winB) / _xlpm.winB * 100, 0)), _xlpm.oddsA & " / " & _xlpm.oddsB)
A19: 46108 | B19: TIGERS | C19: =VLOOKUP(B19, 'MLB Data'!$B$5:$D$34, 3, FALSE) | D19: VALDEZ | E19: 3.34 | F19: =VLOOKUP(B19, 'MLB Data'!$F$2:$H$34, 3, FALSE) | G19: =IF((E19*0.6+F19*0.4)<2.5, 2.8, IF((E19*0.6+F19*0.4)>5.5, 5.2, (E19*0.6+F19*0.4))) | H19: PADRES | I19: =VLOOKUP(H19, 'MLB Data'!$B$5:$D$34, 3, FALSE) | J19: KING | K19: 4.2 | L19: =VLOOKUP(H19, 'MLB Data'!$F$2:$H$34, 3, FALSE) | M19: =IF((K19*0.6+L19*0.4)<2.5, 2.8, IF((K19*0.6+L19*0.4)>5.5, 5.2, (K19*0.6+L19*0.4))) | O19: =(C19/100) * 4.45 * (M19 / 4.2) * T19 | P19: =(I19/100) * 4.45 * (G19 / 4.2) * T19 | Q19: =(O19+P19) | S19: =H19 | T19: =IF(S19="ROCKIES",1.13,IF(S19="ATHLETICS",1.03,IF(S19="ROYALS",1.03,IF(S19="TWINS",1,IF(S19="TIGERS",1,IF(S19="MARLINS",1.01,IF(S19="REDS",1.05,IF(S19="RED SOX",1.04,IF(S19="YANKEES",1.02,IF(S19="DODGERS",0.99,IF(S19="PADRES",0.96,IF(S19="CUBS",0.98,IF(S19="GIANTS",0.97,IF(S19="MARINERS",0.94,IF(S19="RANGERS",1,IF(S19="ASTROS",0.99,IF(S19="BRAVES",1,IF(S19="METS",0.96,IF(S19="PHILLIES",1.02,IF(S19="BLUE JAYS",1.01,IF(S19="ORIOLES",0.99,IF(S19="RAYS",1.01,IF(S19="GUARDIANS",0.99,IF(S19="WHITE SOX",0.98,IF(S19="ANGELS",1.01,IF(S19="D-BACKS",1.01,IF(S19="BREWERS",0.99,IF(S19="CARDINALS",0.96,IF(S19="PIRATES",1.02,IF(S19="NATIONALS",1,1))))))))))))))))))))))))))))))*IF(W19="",1,(1+((W19-70)/10*0.035)))*IF(U19="DOME",1,IF(U19="IN",1-(V19*0.01),IF(U19="OUT",1+(V19*0.01),IF(OR(U19="L-R",U19="R-L"),1+(V19*0.005),1)))) | U19: OUT | W19: 71 | Y19: =B19 & " vs. " & H19 | Z19: =TRIM(LEFT(Y19, FIND("vs.", Y19)-1)) | AA19: =TRIM(MID(Y19, FIND(" vs. ", Y19)+4, 100)) | AB19: =IF(Q19 > VALUE(AC19), "O " & AC19, IF(Q19 < VALUE(AC19), "U " & AC19, AC19)) | AC19: =IF(OR(O19="-", P19="-"), "-", MROUND(O19 + P19, 0.5)) | AD19: =VALUE(TRIM(RIGHT(AF19, LEN(AF19) - FIND(" ", AF19)))) | AE19: =LEFT(AF19,FIND(" ",AF19)-1) | AF19: =IF(OR(O19="-", P19="-"), "-", IF(MROUND(ABS(O19-P19),0.5)<=0.5, IF(O19>P19, B19 & " ML", H19 & " ML"), IF(MROUND(ABS(O19-P19),0.5)=1, IF(O19>P19, H19 & " +1.5", B19 & " +1.5"), IF(O19>P19, B19 & " -1.5", H19 & " -1.5") ) ) ) | AG19: =_xlfn.LET( _xlpm.winA, O19^1.83 / (O19^1.83 + P19^1.83), _xlpm.winB, 1 - _xlpm.winA, _xlpm.oddsA, IF(_xlpm.winA >= 0.5, "-" & ROUND(_xlpm.winA / (1 - _xlpm.winA) * 100, 0), "+" & ROUND((1 - _xlpm.winA) / _xlpm.winA * 100, 0)), _xlpm.oddsB, IF(_xlpm.winB >= 0.5, "-" & ROUND(_xlpm.winB / (1 - _xlpm.winB) * 100, 0), "+" & ROUND((1 - _xlpm.winB) / _xlpm.winB * 100, 0)), _xlpm.oddsA & " / " & _xlpm.oddsB)
A20: 46108 | B20: GUARDIANS | C20: =VLOOKUP(B20, 'MLB Data'!$B$5:$D$34, 3, FALSE) | D20: WILLIAMS | E20: 4.08 | F20: =VLOOKUP(B20, 'MLB Data'!$F$2:$H$34, 3, FALSE) | G20: =IF((E20*0.6+F20*0.4)<2.5, 2.8, IF((E20*0.6+F20*0.4)>5.5, 5.2, (E20*0.6+F20*0.4))) | H20: MARINERS | I20: =VLOOKUP(H20, 'MLB Data'!$B$5:$D$34, 3, FALSE) | J20: KIRBY | K20: 3.25 | L20: =VLOOKUP(H20, 'MLB Data'!$F$2:$H$34, 3, FALSE) | M20: =IF((K20*0.6+L20*0.4)<2.5, 2.8, IF((K20*0.6+L20*0.4)>5.5, 5.2, (K20*0.6+L20*0.4))) | O20: =(C20/100) * 4.45 * (M20 / 4.2) * T20 | P20: =(I20/100) * 4.45 * (G20 / 4.2) * T20 | Q20: =(O20+P20) | S20: =H20 | T20: =IF(S20="ROCKIES",1.13,IF(S20="ATHLETICS",1.03,IF(S20="ROYALS",1.03,IF(S20="TWINS",1,IF(S20="TIGERS",1,IF(S20="MARLINS",1.01,IF(S20="REDS",1.05,IF(S20="RED SOX",1.04,IF(S20="YANKEES",1.02,IF(S20="DODGERS",0.99,IF(S20="PADRES",0.96,IF(S20="CUBS",0.98,IF(S20="GIANTS",0.97,IF(S20="MARINERS",0.94,IF(S20="RANGERS",1,IF(S20="ASTROS",0.99,IF(S20="BRAVES",1,IF(S20="METS",0.96,IF(S20="PHILLIES",1.02,IF(S20="BLUE JAYS",1.01,IF(S20="ORIOLES",0.99,IF(S20="RAYS",1.01,IF(S20="GUARDIANS",0.99,IF(S20="WHITE SOX",0.98,IF(S20="ANGELS",1.01,IF(S20="D-BACKS",1.01,IF(S20="BREWERS",0.99,IF(S20="CARDINALS",0.96,IF(S20="PIRATES",1.02,IF(S20="NATIONALS",1,1))))))))))))))))))))))))))))))*IF(W20="",1,(1+((W20-70)/10*0.035)))*IF(U20="DOME",1,IF(U20="IN",1-(V20*0.01),IF(U20="OUT",1+(V20*0.01),IF(OR(U20="L-R",U20="R-L"),1+(V20*0.005),1)))) | U20: IN | W20: 50 | Y20: =B20 & " vs. " & H20 | Z20: =TRIM(LEFT(Y20, FIND("vs.", Y20)-1)) | AA20: =TRIM(MID(Y20, FIND(" vs. ", Y20)+4, 100)) | AB20: =IF(Q20 > VALUE(AC20), "O " & AC20, IF(Q20 < VALUE(AC20), "U " & AC20, AC20)) | AC20: =IF(OR(O20="-", P20="-"), "-", MROUND(O20 + P20, 0.5)) | AD20: =VALUE(TRIM(RIGHT(AF20, LEN(AF20) - FIND(" ", AF20)))) | AE20: =LEFT(AF20,FIND(" ",AF20)-1) | AF20: =IF(OR(O20="-", P20="-"), "-", IF(MROUND(ABS(O20-P20),0.5)<=0.5, IF(O20>P20, B20 & " ML", H20 & " ML"), IF(MROUND(ABS(O20-P20),0.5)=1, IF(O20>P20, H20 & " +1.5", B20 & " +1.5"), IF(O20>P20, B20 & " -1.5", H20 & " -1.5") ) ) ) | AG20: =_xlfn.LET( _xlpm.winA, O20^1.83 / (O20^1.83 + P20^1.83), _xlpm.winB, 1 - _xlpm.winA, _xlpm.oddsA, IF(_xlpm.winA >= 0.5, "-" & ROUND(_xlpm.winA / (1 - _xlpm.winA) * 100, 0), "+" & ROUND((1 - _xlpm.winA) / _xlpm.winA * 100, 0)), _xlpm.oddsB, IF(_xlpm.winB >= 0.5, "-" & ROUND(_xlpm.winB / (1 - _xlpm.winB) * 100, 0), "+" & ROUND((1 - _xlpm.winB) / _xlpm.winB * 100, 0)), _xlpm.oddsA & " / " & _xlpm.oddsB)
A21: 46108 | B21: D-BACKS | C21: =VLOOKUP(B21, 'MLB Data'!$B$5:$D$34, 3, FALSE) | D21: NELSON | E21: 4.22 | F21: =VLOOKUP(B21, 'MLB Data'!$F$2:$H$34, 3, FALSE) | G21: =IF((E21*0.6+F21*0.4)<2.5, 2.8, IF((E21*0.6+F21*0.4)>5.5, 5.2, (E21*0.6+F21*0.4))) | H21: DODGERS | I21: =VLOOKUP(H21, 'MLB Data'!$B$5:$D$34, 3, FALSE) | J21: SHEEHAN | K21: 3.01 | L21: =VLOOKUP(H21, 'MLB Data'!$F$2:$H$34, 3, FALSE) | M21: =IF((K21*0.6+L21*0.4)<2.5, 2.8, IF((K21*0.6+L21*0.4)>5.5, 5.2, (K21*0.6+L21*0.4))) | O21: =(C21/100) * 4.45 * (M21 / 4.2) * T21 | P21: =(I21/100) * 4.45 * (G21 / 4.2) * T21 | Q21: =(O21+P21) | S21: =H21 | T21: =IF(S21="ROCKIES",1.13,IF(S21="ATHLETICS",1.03,IF(S21="ROYALS",1.03,IF(S21="TWINS",1,IF(S21="TIGERS",1,IF(S21="MARLINS",1.01,IF(S21="REDS",1.05,IF(S21="RED SOX",1.04,IF(S21="YANKEES",1.02,IF(S21="DODGERS",0.99,IF(S21="PADRES",0.96,IF(S21="CUBS",0.98,IF(S21="GIANTS",0.97,IF(S21="MARINERS",0.94,IF(S21="RANGERS",1,IF(S21="ASTROS",0.99,IF(S21="BRAVES",1,IF(S21="METS",0.96,IF(S21="PHILLIES",1.02,IF(S21="BLUE JAYS",1.01,IF(S21="ORIOLES",0.99,IF(S21="RAYS",1.01,IF(S21="GUARDIANS",0.99,IF(S21="WHITE SOX",0.98,IF(S21="ANGELS",1.01,IF(S21="D-BACKS",1.01,IF(S21="BREWERS",0.99,IF(S21="CARDINALS",0.96,IF(S21="PIRATES",1.02,IF(S21="NATIONALS",1,1))))))))))))))))))))))))))))))*IF(W21="",1,(1+((W21-70)/10*0.035)))*IF(U21="DOME",1,IF(U21="IN",1-(V21*0.01),IF(U21="OUT",1+(V21*0.01),IF(OR(U21="L-R",U21="R-L"),1+(V21*0.005),1)))) | U21: IN | W21: 50 | Y21: =B21 & " vs. " & H21 | Z21: =TRIM(LEFT(Y21, FIND("vs.", Y21)-1)) | AA21: =TRIM(MID(Y21, FIND(" vs. ", Y21)+4, 100)) | AB21: =IF(Q21 > VALUE(AC21), "O " & AC21, IF(Q21 < VALUE(AC21), "U " & AC21, AC21)) | AC21: =IF(OR(O21="-", P21="-"), "-", MROUND(O21 + P21, 0.5)) | AD21: =VALUE(TRIM(RIGHT(AF21, LEN(AF21) - FIND(" ", AF21)))) | AE21: =LEFT(AF21,FIND(" ",AF21)-1) | AF21: =IF(OR(O21="-", P21="-"), "-", IF(MROUND(ABS(O21-P21),0.5)<=0.5, IF(O21>P21, B21 & " ML", H21 & " ML"), IF(MROUND(ABS(O21-P21),0.5)=1, IF(O21>P21, H21 & " +1.5", B21 & " +1.5"), IF(O21>P21, B21 & " -1.5", H21 & " -1.5") ) ) ) | AG21: =_xlfn.LET( _xlpm.winA, O21^1.83 / (O21^1.83 + P21^1.83), _xlpm.winB, 1 - _xlpm.winA, _xlpm.oddsA, IF(_xlpm.winA >= 0.5, "-" & ROUND(_xlpm.winA / (1 - _xlpm.winA) * 100, 0), "+" & ROUND((1 - _xlpm.winA) / _xlpm.winA * 100, 0)), _xlpm.oddsB, IF(_xlpm.winB >= 0.5, "-" & ROUND(_xlpm.winB / (1 - _xlpm.winB) * 100, 0), "+" & ROUND((1 - _xlpm.winB) / _xlpm.winB * 100, 0)), _xlpm.oddsA & " / " & _xlpm.oddsB)
A22: 46109 | B22: RAYS | C22: =VLOOKUP(B22, 'MLB Data'!$B$5:$D$34, 3, FALSE) | D22: BOYLE | E22: 4.38 | F22: =VLOOKUP(B22, 'MLB Data'!$F$2:$H$34, 3, FALSE) | G22: =IF((E22*0.6+F22*0.4)<2.5, 2.8, IF((E22*0.6+F22*0.4)>5.5, 5.2, (E22*0.6+F22*0.4))) | H22: CARDINALS | I22: =VLOOKUP(H22, 'MLB Data'!$B$5:$D$34, 3, FALSE) | J22: MCGREEVY | K22: 4.35 | L22: =VLOOKUP(H22, 'MLB Data'!$F$2:$H$34, 3, FALSE) | M22: =IF((K22*0.6+L22*0.4)<2.5, 2.8, IF((K22*0.6+L22*0.4)>5.5, 5.2, (K22*0.6+L22*0.4))) | O22: =(C22/100) * 4.45 * (M22 / 4.2) * T22 | P22: =(I22/100) * 4.45 * (G22 / 4.2) * T22 | Q22: =(O22+P22) | S22: =H22 | T22: =IF(S22="ROCKIES",1.13,IF(S22="ATHLETICS",1.03,IF(S22="ROYALS",1.03,IF(S22="TWINS",1,IF(S22="TIGERS",1,IF(S22="MARLINS",1.01,IF(S22="REDS",1.05,IF(S22="RED SOX",1.04,IF(S22="YANKEES",1.02,IF(S22="DODGERS",0.99,IF(S22="PADRES",0.96,IF(S22="CUBS",0.98,IF(S22="GIANTS",0.97,IF(S22="MARINERS",0.94,IF(S22="RANGERS",1,IF(S22="ASTROS",0.99,IF(S22="BRAVES",1,IF(S22="METS",0.96,IF(S22="PHILLIES",1.02,IF(S22="BLUE JAYS",1.01,IF(S22="ORIOLES",0.99,IF(S22="RAYS",1.01,IF(S22="GUARDIANS",0.99,IF(S22="WHITE SOX",0.98,IF(S22="ANGELS",1.01,IF(S22="D-BACKS",1.01,IF(S22="BREWERS",0.99,IF(S22="CARDINALS",0.96,IF(S22="PIRATES",1.02,IF(S22="NATIONALS",1,1))))))))))))))))))))))))))))))*IF(W22="",1,(1+((W22-70)/10*0.035)))*IF(U22="DOME",1,IF(U22="IN",1-(V22*0.01),IF(U22="OUT",1+(V22*0.01),IF(OR(U22="L-R",U22="R-L"),1+(V22*0.005),1)))) | U22: R-L | W22: 51 | Y22: =B22 & " vs. " & H22 | Z22: =TRIM(LEFT(Y22, FIND("vs.", Y22)-1)) | AA22: =TRIM(MID(Y22, FIND(" vs. ", Y22)+4, 100)) | AB22: =IF(Q22 > VALUE(AC22), "O " & AC22, IF(Q22 < VALUE(AC22), "U " & AC22, AC22)) | AC22: =IF(OR(O22="-", P22="-"), "-", MROUND(O22 + P22, 0.5)) | AD22: =VALUE(TRIM(RIGHT(AF22, LEN(AF22) - FIND(" ", AF22)))) | AE22: =LEFT(AF22,FIND(" ",AF22)-1) | AF22: =IF(OR(O22="-", P22="-"), "-", IF(MROUND(ABS(O22-P22),0.5)<=0.5, IF(O22>P22, B22 & " ML", H22 & " ML"), IF(MROUND(ABS(O22-P22),0.5)=1, IF(O22>P22, H22 & " +1.5", B22 & " +1.5"), IF(O22>P22, B22 & " -1.5", H22 & " -1.5") ) ) ) | AG22: =_xlfn.LET( _xlpm.winA, O22^1.83 / (O22^1.83 + P22^1.83), _xlpm.winB, 1 - _xlpm.winA, _xlpm.oddsA, IF(_xlpm.winA >= 0.5, "-" & ROUND(_xlpm.winA / (1 - _xlpm.winA) * 100, 0), "+" & ROUND((1 - _xlpm.winA) / _xlpm.winA * 100, 0)), _xlpm.oddsB, IF(_xlpm.winB >= 0.5, "-" & ROUND(_xlpm.winB / (1 - _xlpm.winB) * 100, 0), "+" & ROUND((1 - _xlpm.winB) / _xlpm.winB * 100, 0)), _xlpm.oddsA & " / " & _xlpm.oddsB)
A23: 46109 | B23: NATIONALS | C23: =VLOOKUP(B23, 'MLB Data'!$B$5:$D$34, 3, FALSE) | D23: MIKOLAS | E23: 4.83 | F23: =VLOOKUP(B23, 'MLB Data'!$F$2:$H$34, 3, FALSE) | G23: =IF((E23*0.6+F23*0.4)<2.5, 2.8, IF((E23*0.6+F23*0.4)>5.5, 5.2, (E23*0.6+F23*0.4))) | H23: CUBS | I23: =VLOOKUP(H23, 'MLB Data'!$B$5:$D$34, 3, FALSE) | J23: HORTON | K23: 4.31 | L23: =VLOOKUP(H23, 'MLB Data'!$F$2:$H$34, 3, FALSE) | M23: =IF((K23*0.6+L23*0.4)<2.5, 2.8, IF((K23*0.6+L23*0.4)>5.5, 5.2, (K23*0.6+L23*0.4))) | O23: =(C23/100) * 4.45 * (M23 / 4.2) * T23 | P23: =(I23/100) * 4.45 * (G23 / 4.2) * T23 | Q23: =(O23+P23) | S23: =H23 | T23: =IF(S23="ROCKIES",1.13,IF(S23="ATHLETICS",1.03,IF(S23="ROYALS",1.03,IF(S23="TWINS",1,IF(S23="TIGERS",1,IF(S23="MARLINS",1.01,IF(S23="REDS",1.05,IF(S23="RED SOX",1.04,IF(S23="YANKEES",1.02,IF(S23="DODGERS",0.99,IF(S23="PADRES",0.96,IF(S23="CUBS",0.98,IF(S23="GIANTS",0.97,IF(S23="MARINERS",0.94,IF(S23="RANGERS",1,IF(S23="ASTROS",0.99,IF(S23="BRAVES",1,IF(S23="METS",0.96,IF(S23="PHILLIES",1.02,IF(S23="BLUE JAYS",1.01,IF(S23="ORIOLES",0.99,IF(S23="RAYS",1.01,IF(S23="GUARDIANS",0.99,IF(S23="WHITE SOX",0.98,IF(S23="ANGELS",1.01,IF(S23="D-BACKS",1.01,IF(S23="BREWERS",0.99,IF(S23="CARDINALS",0.96,IF(S23="PIRATES",1.02,IF(S23="NATIONALS",1,1))))))))))))))))))))))))))))))*IF(W23="",1,(1+((W23-70)/10*0.035)))*IF(U23="DOME",1,IF(U23="IN",1-(V23*0.01),IF(U23="OUT",1+(V23*0.01),IF(OR(U23="L-R",U23="R-L"),1+(V23*0.005),1)))) | U23: OUT | W23: 38 | Y23: =B23 & " vs. " & H23 | Z23: =TRIM(LEFT(Y23, FIND("vs.", Y23)-1)) | AA23: =TRIM(MID(Y23, FIND(" vs. ", Y23)+4, 100)) | AB23: =IF(Q23 > VALUE(AC23), "O " & AC23, IF(Q23 < VALUE(AC23), "U " & AC23, AC23)) | AC23: =IF(OR(O23="-", P23="-"), "-", MROUND(O23 + P23, 0.5)) | AD23: =VALUE(TRIM(RIGHT(AF23, LEN(AF23) - FIND(" ", AF23)))) | AE23: =LEFT(AF23,FIND(" ",AF23)-1) | AF23: =IF(OR(O23="-", P23="-"), "-", IF(MROUND(ABS(O23-P23),0.5)<=0.5, IF(O23>P23, B23 & " ML", H23 & " ML"), IF(MROUND(ABS(O23-P23),0.5)=1, IF(O23>P23, H23 & " +1.5", B23 & " +1.5"), IF(O23>P23, B23 & " -1.5", H23 & " -1.5") ) ) ) | AG23: =_xlfn.LET( _xlpm.winA, O23^1.83 / (O23^1.83 + P23^1.83), _xlpm.winB, 1 - _xlpm.winA, _xlpm.oddsA, IF(_xlpm.winA >= 0.5, "-" & ROUND(_xlpm.winA / (1 - _xlpm.winA) * 100, 0), "+" & ROUND((1 - _xlpm.winA) / _xlpm.winA * 100, 0)), _xlpm.oddsB, IF(_xlpm.winB >= 0.5, "-" & ROUND(_xlpm.winB / (1 - _xlpm.winB) * 100, 0), "+" & ROUND((1 - _xlpm.winB) / _xlpm.winB * 100, 0)), _xlpm.oddsA & " / " & _xlpm.oddsB)
A24: 46109 | B24: ATHLETICS | C24: =VLOOKUP(B24, 'MLB Data'!$B$5:$D$34, 3, FALSE) | D24: SPRINGS | E24: 4.78 | F24: =VLOOKUP(B24, 'MLB Data'!$F$2:$H$34, 3, FALSE) | G24: =IF((E24*0.6+F24*0.4)<2.5, 2.8, IF((E24*0.6+F24*0.4)>5.5, 5.2, (E24*0.6+F24*0.4))) | H24: BLUE JAYS | I24: =VLOOKUP(H24, 'MLB Data'!$B$5:$D$34, 3, FALSE) | J24: CEASE | K24: 3.56 | L24: =VLOOKUP(H24, 'MLB Data'!$F$2:$H$34, 3, FALSE) | M24: =IF((K24*0.6+L24*0.4)<2.5, 2.8, IF((K24*0.6+L24*0.4)>5.5, 5.2, (K24*0.6+L24*0.4))) | O24: =(C24/100) * 4.45 * (M24 / 4.2) * T24 | P24: =(I24/100) * 4.45 * (G24 / 4.2) * T24 | Q24: =(O24+P24) | S24: =H24 | T24: =IF(S24="ROCKIES",1.13,IF(S24="ATHLETICS",1.03,IF(S24="ROYALS",1.03,IF(S24="TWINS",1,IF(S24="TIGERS",1,IF(S24="MARLINS",1.01,IF(S24="REDS",1.05,IF(S24="RED SOX",1.04,IF(S24="YANKEES",1.02,IF(S24="DODGERS",0.99,IF(S24="PADRES",0.96,IF(S24="CUBS",0.98,IF(S24="GIANTS",0.97,IF(S24="MARINERS",0.94,IF(S24="RANGERS",1,IF(S24="ASTROS",0.99,IF(S24="BRAVES",1,IF(S24="METS",0.96,IF(S24="PHILLIES",1.02,IF(S24="BLUE JAYS",1.01,IF(S24="ORIOLES",0.99,IF(S24="RAYS",1.01,IF(S24="GUARDIANS",0.99,IF(S24="WHITE SOX",0.98,IF(S24="ANGELS",1.01,IF(S24="D-BACKS",1.01,IF(S24="BREWERS",0.99,IF(S24="CARDINALS",0.96,IF(S24="PIRATES",1.02,IF(S24="NATIONALS",1,1))))))))))))))))))))))))))))))*IF(W24="",1,(1+((W24-70)/10*0.035)))*IF(U24="DOME",1,IF(U24="IN",1-(V24*0.01),IF(U24="OUT",1+(V24*0.01),IF(OR(U24="L-R",U24="R-L"),1+(V24*0.005),1)))) | U24: DOME | Y24: =B24 & " vs. " & H24 | Z24: =TRIM(LEFT(Y24, FIND("vs.", Y24)-1)) | AA24: =TRIM(MID(Y24, FIND(" vs. ", Y24)+4, 100)) | AB24: =IF(Q24 > VALUE(AC24), "O " & AC24, IF(Q24 < VALUE(AC24), "U " & AC24, AC24)) | AC24: =IF(OR(O24="-", P24="-"), "-", MROUND(O24 + P24, 0.5)) | AD24: =VALUE(TRIM(RIGHT(AF24, LEN(AF24) - FIND(" ", AF24)))) | AE24: =LEFT(AF24,FIND(" ",AF24)-1) | AF24: =IF(OR(O24="-", P24="-"), "-", IF(MROUND(ABS(O24-P24),0.5)<=0.5, IF(O24>P24, B24 & " ML", H24 & " ML"), IF(MROUND(ABS(O24-P24),0.5)=1, IF(O24>P24, H24 & " +1.5", B24 & " +1.5"), IF(O24>P24, B24 & " -1.5", H24 & " -1.5") ) ) ) | AG24: =_xlfn.LET( _xlpm.winA, O24^1.83 / (O24^1.83 + P24^1.83), _xlpm.winB, 1 - _xlpm.winA, _xlpm.oddsA, IF(_xlpm.winA >= 0.5, "-" & ROUND(_xlpm.winA / (1 - _xlpm.winA) * 100, 0), "+" & ROUND((1 - _xlpm.winA) / _xlpm.winA * 100, 0)), _xlpm.oddsB, IF(_xlpm.winB >= 0.5, "-" & ROUND(_xlpm.winB / (1 - _xlpm.winB) * 100, 0), "+" & ROUND((1 - _xlpm.winB) / _xlpm.winB * 100, 0)), _xlpm.oddsA & " / " & _xlpm.oddsB)
A25: 46109 | B25: TWINS | C25: =VLOOKUP(B25, 'MLB Data'!$B$5:$D$34, 3, FALSE) | D25: BRADLEY | E25: 4.37 | F25: =VLOOKUP(B25, 'MLB Data'!$F$2:$H$34, 3, FALSE) | G25: =IF((E25*0.6+F25*0.4)<2.5, 2.8, IF((E25*0.6+F25*0.4)>5.5, 5.2, (E25*0.6+F25*0.4))) | H25: ORIOLES | I25: =VLOOKUP(H25, 'MLB Data'!$B$5:$D$34, 3, FALSE) | J25: BRADISH | K25: 2.67 | L25: =VLOOKUP(H25, 'MLB Data'!$F$2:$H$34, 3, FALSE) | M25: =IF((K25*0.6+L25*0.4)<2.5, 2.8, IF((K25*0.6+L25*0.4)>5.5, 5.2, (K25*0.6+L25*0.4))) | O25: =(C25/100) * 4.45 * (M25 / 4.2) * T25 | P25: =(I25/100) * 4.45 * (G25 / 4.2) * T25 | Q25: =(O25+P25) | S25: =H25 | T25: =IF(S25="ROCKIES",1.13,IF(S25="ATHLETICS",1.03,IF(S25="ROYALS",1.03,IF(S25="TWINS",1,IF(S25="TIGERS",1,IF(S25="MARLINS",1.01,IF(S25="REDS",1.05,IF(S25="RED SOX",1.04,IF(S25="YANKEES",1.02,IF(S25="DODGERS",0.99,IF(S25="PADRES",0.96,IF(S25="CUBS",0.98,IF(S25="GIANTS",0.97,IF(S25="MARINERS",0.94,IF(S25="RANGERS",1,IF(S25="ASTROS",0.99,IF(S25="BRAVES",1,IF(S25="METS",0.96,IF(S25="PHILLIES",1.02,IF(S25="BLUE JAYS",1.01,IF(S25="ORIOLES",0.99,IF(S25="RAYS",1.01,IF(S25="GUARDIANS",0.99,IF(S25="WHITE SOX",0.98,IF(S25="ANGELS",1.01,IF(S25="D-BACKS",1.01,IF(S25="BREWERS",0.99,IF(S25="CARDINALS",0.96,IF(S25="PIRATES",1.02,IF(S25="NATIONALS",1,1))))))))))))))))))))))))))))))*IF(W25="",1,(1+((W25-70)/10*0.035)))*IF(U25="DOME",1,IF(U25="IN",1-(V25*0.01),IF(U25="OUT",1+(V25*0.01),IF(OR(U25="L-R",U25="R-L"),1+(V25*0.005),1)))) | U25: L-R | W25: 48 | Y25: =B25 & " vs. " & H25 | Z25: =TRIM(LEFT(Y25, FIND("vs.", Y25)-1)) | AA25: =TRIM(MID(Y25, FIND(" vs. ", Y25)+4, 100)) | AB25: =IF(Q25 > VALUE(AC25), "O " & AC25, IF(Q25 < VALUE(AC25), "U " & AC25, AC25)) | AC25: =IF(OR(O25="-", P25="-"), "-", MROUND(O25 + P25, 0.5)) | AD25: =VALUE(TRIM(RIGHT(AF25, LEN(AF25) - FIND(" ", AF25)))) | AE25: =LEFT(AF25,FIND(" ",AF25)-1) | AF25: =IF(OR(O25="-", P25="-"), "-", IF(MROUND(ABS(O25-P25),0.5)<=0.5, IF(O25>P25, B25 & " ML", H25 & " ML"), IF(MROUND(ABS(O25-P25),0.5)=1, IF(O25>P25, H25 & " +1.5", B25 & " +1.5"), IF(O25>P25, B25 & " -1.5", H25 & " -1.5") ) ) ) | AG25: =_xlfn.LET( _xlpm.winA, O25^1.83 / (O25^1.83 + P25^1.83), _xlpm.winB, 1 - _xlpm.winA, _xlpm.oddsA, IF(_xlpm.winA >= 0.5, "-" & ROUND(_xlpm.winA / (1 - _xlpm.winA) * 100, 0), "+" & ROUND((1 - _xlpm.winA) / _xlpm.winA * 100, 0)), _xlpm.oddsB, IF(_xlpm.winB >= 0.5, "-" & ROUND(_xlpm.winB / (1 - _xlpm.winB) * 100, 0), "+" & ROUND((1 - _xlpm.winB) / _xlpm.winB * 100, 0)), _xlpm.oddsA & " / " & _xlpm.oddsB)
A26: 46109 | B26: RANGERS | C26: =VLOOKUP(B26, 'MLB Data'!$B$5:$D$34, 3, FALSE) | D26: LATZ | E26: 4.11 | F26: =VLOOKUP(B26, 'MLB Data'!$F$2:$H$34, 3, FALSE) | G26: =IF((E26*0.6+F26*0.4)<2.5, 2.8, IF((E26*0.6+F26*0.4)>5.5, 5.2, (E26*0.6+F26*0.4))) | H26: PHILLIES | I26: =VLOOKUP(H26, 'MLB Data'!$B$5:$D$34, 3, FALSE) | J26: NOLA | K26: 3.71 | L26: =VLOOKUP(H26, 'MLB Data'!$F$2:$H$34, 3, FALSE) | M26: =IF((K26*0.6+L26*0.4)<2.5, 2.8, IF((K26*0.6+L26*0.4)>5.5, 5.2, (K26*0.6+L26*0.4))) | O26: =(C26/100) * 4.45 * (M26 / 4.2) * T26 | P26: =(I26/100) * 4.45 * (G26 / 4.2) * T26 | Q26: =(O26+P26) | S26: =H26 | T26: =IF(S26="ROCKIES",1.13,IF(S26="ATHLETICS",1.03,IF(S26="ROYALS",1.03,IF(S26="TWINS",1,IF(S26="TIGERS",1,IF(S26="MARLINS",1.01,IF(S26="REDS",1.05,IF(S26="RED SOX",1.04,IF(S26="YANKEES",1.02,IF(S26="DODGERS",0.99,IF(S26="PADRES",0.96,IF(S26="CUBS",0.98,IF(S26="GIANTS",0.97,IF(S26="MARINERS",0.94,IF(S26="RANGERS",1,IF(S26="ASTROS",0.99,IF(S26="BRAVES",1,IF(S26="METS",0.96,IF(S26="PHILLIES",1.02,IF(S26="BLUE JAYS",1.01,IF(S26="ORIOLES",0.99,IF(S26="RAYS",1.01,IF(S26="GUARDIANS",0.99,IF(S26="WHITE SOX",0.98,IF(S26="ANGELS",1.01,IF(S26="D-BACKS",1.01,IF(S26="BREWERS",0.99,IF(S26="CARDINALS",0.96,IF(S26="PIRATES",1.02,IF(S26="NATIONALS",1,1))))))))))))))))))))))))))))))*IF(W26="",1,(1+((W26-70)/10*0.035)))*IF(U26="DOME",1,IF(U26="IN",1-(V26*0.01),IF(U26="OUT",1+(V26*0.01),IF(OR(U26="L-R",U26="R-L"),1+(V26*0.005),1)))) | U26: L-R | W26: 47 | Y26: =B26 & " vs. " & H26 | Z26: =TRIM(LEFT(Y26, FIND("vs.", Y26)-1)) | AA26: =TRIM(MID(Y26, FIND(" vs. ", Y26)+4, 100)) | AB26: =IF(Q26 > VALUE(AC26), "O " & AC26, IF(Q26 < VALUE(AC26), "U " & AC26, AC26)) | AC26: =IF(OR(O26="-", P26="-"), "-", MROUND(O26 + P26, 0.5)) | AD26: =VALUE(TRIM(RIGHT(AF26, LEN(AF26) - FIND(" ", AF26)))) | AE26: =LEFT(AF26,FIND(" ",AF26)-1) | AF26: =IF(OR(O26="-", P26="-"), "-", IF(MROUND(ABS(O26-P26),0.5)<=0.5, IF(O26>P26, B26 & " ML", H26 & " ML"), IF(MROUND(ABS(O26-P26),0.5)=1, IF(O26>P26, H26 & " +1.5", B26 & " +1.5"), IF(O26>P26, B26 & " -1.5", H26 & " -1.5") ) ) ) | AG26: =_xlfn.LET( _xlpm.winA, O26^1.83 / (O26^1.83 + P26^1.83), _xlpm.winB, 1 - _xlpm.winA, _xlpm.oddsA, IF(_xlpm.winA >= 0.5, "-" & ROUND(_xlpm.winA / (1 - _xlpm.winA) * 100, 0), "+" & ROUND((1 - _xlpm.winA) / _xlpm.winA * 100, 0)), _xlpm.oddsB, IF(_xlpm.winB >= 0.5, "-" & ROUND(_xlpm.winB / (1 - _xlpm.winB) * 100, 0), "+" & ROUND((1 - _xlpm.winB) / _xlpm.winB * 100, 0)), _xlpm.oddsA & " / " & _xlpm.oddsB)
A27: 46109 | B27: RED SOX | C27: =VLOOKUP(B27, 'MLB Data'!$B$5:$D$34, 3, FALSE) | D27: GRAY | E27: 3.07 | F27: =VLOOKUP(B27, 'MLB Data'!$F$2:$H$34, 3, FALSE) | G27: =IF((E27*0.6+F27*0.4)<2.5, 2.8, IF((E27*0.6+F27*0.4)>5.5, 5.2, (E27*0.6+F27*0.4))) | H27: REDS | I27: =VLOOKUP(H27, 'MLB Data'!$B$5:$D$34, 3, FALSE) | J27: SINGER | K27: 4.25 | L27: =VLOOKUP(H27, 'MLB Data'!$F$2:$H$34, 3, FALSE) | M27: =IF((K27*0.6+L27*0.4)<2.5, 2.8, IF((K27*0.6+L27*0.4)>5.5, 5.2, (K27*0.6+L27*0.4))) | O27: =(C27/100) * 4.45 * (M27 / 4.2) * T27 | P27: =(I27/100) * 4.45 * (G27 / 4.2) * T27 | Q27: =(O27+P27) | S27: =H27 | T27: =IF(S27="ROCKIES",1.13,IF(S27="ATHLETICS",1.03,IF(S27="ROYALS",1.03,IF(S27="TWINS",1,IF(S27="TIGERS",1,IF(S27="MARLINS",1.01,IF(S27="REDS",1.05,IF(S27="RED SOX",1.04,IF(S27="YANKEES",1.02,IF(S27="DODGERS",0.99,IF(S27="PADRES",0.96,IF(S27="CUBS",0.98,IF(S27="GIANTS",0.97,IF(S27="MARINERS",0.94,IF(S27="RANGERS",1,IF(S27="ASTROS",0.99,IF(S27="BRAVES",1,IF(S27="METS",0.96,IF(S27="PHILLIES",1.02,IF(S27="BLUE JAYS",1.01,IF(S27="ORIOLES",0.99,IF(S27="RAYS",1.01,IF(S27="GUARDIANS",0.99,IF(S27="WHITE SOX",0.98,IF(S27="ANGELS",1.01,IF(S27="D-BACKS",1.01,IF(S27="BREWERS",0.99,IF(S27="CARDINALS",0.96,IF(S27="PIRATES",1.02,IF(S27="NATIONALS",1,1))))))))))))))))))))))))))))))*IF(W27="",1,(1+((W27-70)/10*0.035)))*IF(U27="DOME",1,IF(U27="IN",1-(V27*0.01),IF(U27="OUT",1+(V27*0.01),IF(OR(U27="L-R",U27="R-L"),1+(V27*0.005),1)))) | U27: IN | W27: 50 | Y27: =B27 & " vs. " & H27 | Z27: =TRIM(LEFT(Y27, FIND("vs.", Y27)-1)) | AA27: =TRIM(MID(Y27, FIND(" vs. ", Y27)+4, 100)) | AB27: =IF(Q27 > VALUE(AC27), "O " & AC27, IF(Q27 < VALUE(AC27), "U " & AC27, AC27)) | AC27: =IF(OR(O27="-", P27="-"), "-", MROUND(O27 + P27, 0.5)) | AD27: =VALUE(TRIM(RIGHT(AF27, LEN(AF27) - FIND(" ", AF27)))) | AE27: =LEFT(AF27,FIND(" ",AF27)-1) | AF27: =IF(OR(O27="-", P27="-"), "-", IF(MROUND(ABS(O27-P27),0.5)<=0.5, IF(O27>P27, B27 & " ML", H27 & " ML"), IF(MROUND(ABS(O27-P27),0.5)=1, IF(O27>P27, H27 & " +1.5", B27 & " +1.5"), IF(O27>P27, B27 & " -1.5", H27 & " -1.5") ) ) ) | AG27: =_xlfn.LET( _xlpm.winA, O27^1.83 / (O27^1.83 + P27^1.83), _xlpm.winB, 1 - _xlpm.winA, _xlpm.oddsA, IF(_xlpm.winA >= 0.5, "-" & ROUND(_xlpm.winA / (1 - _xlpm.winA) * 100, 0), "+" & ROUND((1 - _xlpm.winA) / _xlpm.winA * 100, 0)), _xlpm.oddsB, IF(_xlpm.winB >= 0.5, "-" & ROUND(_xlpm.winB / (1 - _xlpm.winB) * 100, 0), "+" & ROUND((1 - _xlpm.winB) / _xlpm.winB * 100, 0)), _xlpm.oddsA & " / " & _xlpm.oddsB)
A28: 46109 | B28: PIRATES | C28: =VLOOKUP(B28, 'MLB Data'!$B$5:$D$34, 3, FALSE) | D28: KELLER | E28: 4.17 | F28: =VLOOKUP(B28, 'MLB Data'!$F$2:$H$34, 3, FALSE) | G28: =IF((E28*0.6+F28*0.4)<2.5, 2.8, IF((E28*0.6+F28*0.4)>5.5, 5.2, (E28*0.6+F28*0.4))) | H28: METS | I28: =VLOOKUP(H28, 'MLB Data'!$B$5:$D$34, 3, FALSE) | J28: PETERSON | K28: 3.72 | L28: =VLOOKUP(H28, 'MLB Data'!$F$2:$H$34, 3, FALSE) | M28: =IF((K28*0.6+L28*0.4)<2.5, 2.8, IF((K28*0.6+L28*0.4)>5.5, 5.2, (K28*0.6+L28*0.4))) | O28: =(C28/100) * 4.45 * (M28 / 4.2) * T28 | P28: =(I28/100) * 4.45 * (G28 / 4.2) * T28 | Q28: =(O28+P28) | S28: =H28 | T28: =IF(S28="ROCKIES",1.13,IF(S28="ATHLETICS",1.03,IF(S28="ROYALS",1.03,IF(S28="TWINS",1,IF(S28="TIGERS",1,IF(S28="MARLINS",1.01,IF(S28="REDS",1.05,IF(S28="RED SOX",1.04,IF(S28="YANKEES",1.02,IF(S28="DODGERS",0.99,IF(S28="PADRES",0.96,IF(S28="CUBS",0.98,IF(S28="GIANTS",0.97,IF(S28="MARINERS",0.94,IF(S28="RANGERS",1,IF(S28="ASTROS",0.99,IF(S28="BRAVES",1,IF(S28="METS",0.96,IF(S28="PHILLIES",1.02,IF(S28="BLUE JAYS",1.01,IF(S28="ORIOLES",0.99,IF(S28="RAYS",1.01,IF(S28="GUARDIANS",0.99,IF(S28="WHITE SOX",0.98,IF(S28="ANGELS",1.01,IF(S28="D-BACKS",1.01,IF(S28="BREWERS",0.99,IF(S28="CARDINALS",0.96,IF(S28="PIRATES",1.02,IF(S28="NATIONALS",1,1))))))))))))))))))))))))))))))*IF(W28="",1,(1+((W28-70)/10*0.035)))*IF(U28="DOME",1,IF(U28="IN",1-(V28*0.01),IF(U28="OUT",1+(V28*0.01),IF(OR(U28="L-R",U28="R-L"),1+(V28*0.005),1)))) | U28: L-R | W28: 44 | Y28: =B28 & " vs. " & H28 | Z28: =TRIM(LEFT(Y28, FIND("vs.", Y28)-1)) | AA28: =TRIM(MID(Y28, FIND(" vs. ", Y28)+4, 100)) | AB28: =IF(Q28 > VALUE(AC28), "O " & AC28, IF(Q28 < VALUE(AC28), "U " & AC28, AC28)) | AC28: =IF(OR(O28="-", P28="-"), "-", MROUND(O28 + P28, 0.5)) | AD28: =VALUE(TRIM(RIGHT(AF28, LEN(AF28) - FIND(" ", AF28)))) | AE28: =LEFT(AF28,FIND(" ",AF28)-1) | AF28: =IF(OR(O28="-", P28="-"), "-", IF(MROUND(ABS(O28-P28),0.5)<=0.5, IF(O28>P28, B28 & " ML", H28 & " ML"), IF(MROUND(ABS(O28-P28),0.5)=1, IF(O28>P28, H28 & " +1.5", B28 & " +1.5"), IF(O28>P28, B28 & " -1.5", H28 & " -1.5") ) ) ) | AG28: =_xlfn.LET( _xlpm.winA, O28^1.83 / (O28^1.83 + P28^1.83), _xlpm.winB, 1 - _xlpm.winA, _xlpm.oddsA, IF(_xlpm.winA >= 0.5, "-" & ROUND(_xlpm.winA / (1 - _xlpm.winA) * 100, 0), "+" & ROUND((1 - _xlpm.winA) / _xlpm.winA * 100, 0)), _xlpm.oddsB, IF(_xlpm.winB >= 0.5, "-" & ROUND(_xlpm.winB / (1 - _xlpm.winB) * 100, 0), "+" & ROUND((1 - _xlpm.winB) / _xlpm.winB * 100, 0)), _xlpm.oddsA & " / " & _xlpm.oddsB)
A29: 46109 | B29: ROCKIES | C29: =VLOOKUP(B29, 'MLB Data'!$B$5:$D$34, 3, FALSE) | D29: LORENZEN | E29: 4.25 | F29: =VLOOKUP(B29, 'MLB Data'!$F$2:$H$34, 3, FALSE) | G29: =IF((E29*0.6+F29*0.4)<2.5, 2.8, IF((E29*0.6+F29*0.4)>5.5, 5.2, (E29*0.6+F29*0.4))) | H29: MARLINS | I29: =VLOOKUP(H29, 'MLB Data'!$B$5:$D$34, 3, FALSE) | J29: PEREZ | K29: 4.07 | L29: =VLOOKUP(H29, 'MLB Data'!$F$2:$H$34, 3, FALSE) | M29: =IF((K29*0.6+L29*0.4)<2.5, 2.8, IF((K29*0.6+L29*0.4)>5.5, 5.2, (K29*0.6+L29*0.4))) | O29: =(C29/100) * 4.45 * (M29 / 4.2) * T29 | P29: =(I29/100) * 4.45 * (G29 / 4.2) * T29 | Q29: =(O29+P29) | S29: =H29 | T29: =IF(S29="ROCKIES",1.13,IF(S29="ATHLETICS",1.03,IF(S29="ROYALS",1.03,IF(S29="TWINS",1,IF(S29="TIGERS",1,IF(S29="MARLINS",1.01,IF(S29="REDS",1.05,IF(S29="RED SOX",1.04,IF(S29="YANKEES",1.02,IF(S29="DODGERS",0.99,IF(S29="PADRES",0.96,IF(S29="CUBS",0.98,IF(S29="GIANTS",0.97,IF(S29="MARINERS",0.94,IF(S29="RANGERS",1,IF(S29="ASTROS",0.99,IF(S29="BRAVES",1,IF(S29="METS",0.96,IF(S29="PHILLIES",1.02,IF(S29="BLUE JAYS",1.01,IF(S29="ORIOLES",0.99,IF(S29="RAYS",1.01,IF(S29="GUARDIANS",0.99,IF(S29="WHITE SOX",0.98,IF(S29="ANGELS",1.01,IF(S29="D-BACKS",1.01,IF(S29="BREWERS",0.99,IF(S29="CARDINALS",0.96,IF(S29="PIRATES",1.02,IF(S29="NATIONALS",1,1))))))))))))))))))))))))))))))*IF(W29="",1,(1+((W29-70)/10*0.035)))*IF(U29="DOME",1,IF(U29="IN",1-(V29*0.01),IF(U29="OUT",1+(V29*0.01),IF(OR(U29="L-R",U29="R-L"),1+(V29*0.005),1)))) | U29: DOME | Y29: =B29 & " vs. " & H29 | Z29: =TRIM(LEFT(Y29, FIND("vs.", Y29)-1)) | AA29: =TRIM(MID(Y29, FIND(" vs. ", Y29)+4, 100)) | AB29: =IF(Q29 > VALUE(AC29), "O " & AC29, IF(Q29 < VALUE(AC29), "U " & AC29, AC29)) | AC29: =IF(OR(O29="-", P29="-"), "-", MROUND(O29 + P29, 0.5)) | AD29: =VALUE(TRIM(RIGHT(AF29, LEN(AF29) - FIND(" ", AF29)))) | AE29: =LEFT(AF29,FIND(" ",AF29)-1) | AF29: =IF(OR(O29="-", P29="-"), "-", IF(MROUND(ABS(O29-P29),0.5)<=0.5, IF(O29>P29, B29 & " ML", H29 & " ML"), IF(MROUND(ABS(O29-P29),0.5)=1, IF(O29>P29, H29 & " +1.5", B29 & " +1.5"), IF(O29>P29, B29 & " -1.5", H29 & " -1.5") ) ) ) | AG29: =_xlfn.LET( _xlpm.winA, O29^1.83 / (O29^1.83 + P29^1.83), _xlpm.winB, 1 - _xlpm.winA, _xlpm.oddsA, IF(_xlpm.winA >= 0.5, "-" & ROUND(_xlpm.winA / (1 - _xlpm.winA) * 100, 0), "+" & ROUND((1 - _xlpm.winA) / _xlpm.winA * 100, 0)), _xlpm.oddsB, IF(_xlpm.winB >= 0.5, "-" & ROUND(_xlpm.winB / (1 - _xlpm.winB) * 100, 0), "+" & ROUND((1 - _xlpm.winB) / _xlpm.winB * 100, 0)), _xlpm.oddsA & " / " & _xlpm.oddsB)
A30: 46109 | B30: ANGELS | C30: =VLOOKUP(B30, 'MLB Data'!$B$5:$D$34, 3, FALSE) | D30: DETMERS | E30: 3.08 | F30: =VLOOKUP(B30, 'MLB Data'!$F$2:$H$34, 3, FALSE) | G30: =IF((E30*0.6+F30*0.4)<2.5, 2.8, IF((E30*0.6+F30*0.4)>5.5, 5.2, (E30*0.6+F30*0.4))) | H30: ASTROS | I30: =VLOOKUP(H30, 'MLB Data'!$B$5:$D$34, 3, FALSE) | J30: JAVIER | K30: 4.97 | L30: =VLOOKUP(H30, 'MLB Data'!$F$2:$H$34, 3, FALSE) | M30: =IF((K30*0.6+L30*0.4)<2.5, 2.8, IF((K30*0.6+L30*0.4)>5.5, 5.2, (K30*0.6+L30*0.4))) | O30: =(C30/100) * 4.45 * (M30 / 4.2) * T30 | P30: =(I30/100) * 4.45 * (G30 / 4.2) * T30 | Q30: =(O30+P30) | S30: =H30 | T30: =IF(S30="ROCKIES",1.13,IF(S30="ATHLETICS",1.03,IF(S30="ROYALS",1.03,IF(S30="TWINS",1,IF(S30="TIGERS",1,IF(S30="MARLINS",1.01,IF(S30="REDS",1.05,IF(S30="RED SOX",1.04,IF(S30="YANKEES",1.02,IF(S30="DODGERS",0.99,IF(S30="PADRES",0.96,IF(S30="CUBS",0.98,IF(S30="GIANTS",0.97,IF(S30="MARINERS",0.94,IF(S30="RANGERS",1,IF(S30="ASTROS",0.99,IF(S30="BRAVES",1,IF(S30="METS",0.96,IF(S30="PHILLIES",1.02,IF(S30="BLUE JAYS",1.01,IF(S30="ORIOLES",0.99,IF(S30="RAYS",1.01,IF(S30="GUARDIANS",0.99,IF(S30="WHITE SOX",0.98,IF(S30="ANGELS",1.01,IF(S30="D-BACKS",1.01,IF(S30="BREWERS",0.99,IF(S30="CARDINALS",0.96,IF(S30="PIRATES",1.02,IF(S30="NATIONALS",1,1))))))))))))))))))))))))))))))*IF(W30="",1,(1+((W30-70)/10*0.035)))*IF(U30="DOME",1,IF(U30="IN",1-(V30*0.01),IF(U30="OUT",1+(V30*0.01),IF(OR(U30="L-R",U30="R-L"),1+(V30*0.005),1)))) | U30: DOME | Y30: =B30 & " vs. " & H30 | Z30: =TRIM(LEFT(Y30, FIND("vs.", Y30)-1)) | AA30: =TRIM(MID(Y30, FIND(" vs. ", Y30)+4, 100)) | AB30: =IF(Q30 > VALUE(AC30), "O " & AC30, IF(Q30 < VALUE(AC30), "U " & AC30, AC30)) | AC30: =IF(OR(O30="-", P30="-"), "-", MROUND(O30 + P30, 0.5)) | AD30: =VALUE(TRIM(RIGHT(AF30, LEN(AF30) - FIND(" ", AF30)))) | AE30: =LEFT(AF30,FIND(" ",AF30)-1) | AF30: =IF(OR(O30="-", P30="-"), "-", IF(MROUND(ABS(O30-P30),0.5)<=0.5, IF(O30>P30, B30 & " ML", H30 & " ML"), IF(MROUND(ABS(O30-P30),0.5)=1, IF(O30>P30, H30 & " +1.5", B30 & " +1.5"), IF(O30>P30, B30 & " -1.5", H30 & " -1.5") ) ) ) | AG30: =_xlfn.LET( _xlpm.winA, O30^1.83 / (O30^1.83 + P30^1.83), _xlpm.winB, 1 - _xlpm.winA, _xlpm.oddsA, IF(_xlpm.winA >= 0.5, "-" & ROUND(_xlpm.winA / (1 - _xlpm.winA) * 100, 0), "+" & ROUND((1 - _xlpm.winA) / _xlpm.winA * 100, 0)), _xlpm.oddsB, IF(_xlpm.winB >= 0.5, "-" & ROUND(_xlpm.winB / (1 - _xlpm.winB) * 100, 0), "+" & ROUND((1 - _xlpm.winB) / _xlpm.winB * 100, 0)), _xlpm.oddsA & " / " & _xlpm.oddsB)
A31: 46109 | B31: WHITE SOX | C31: =VLOOKUP(B31, 'MLB Data'!$B$5:$D$34, 3, FALSE) | D31: BURKKE | E31: 5.03 | F31: =VLOOKUP(B31, 'MLB Data'!$F$2:$H$34, 3, FALSE) | G31: =IF((E31*0.6+F31*0.4)<2.5, 2.8, IF((E31*0.6+F31*0.4)>5.5, 5.2, (E31*0.6+F31*0.4))) | H31: BREWERS | I31: =VLOOKUP(H31, 'MLB Data'!$B$5:$D$34, 3, FALSE) | J31: PATRICK | K31: 4.03 | L31: =VLOOKUP(H31, 'MLB Data'!$F$2:$H$34, 3, FALSE) | M31: =IF((K31*0.6+L31*0.4)<2.5, 2.8, IF((K31*0.6+L31*0.4)>5.5, 5.2, (K31*0.6+L31*0.4))) | O31: =(C31/100) * 4.45 * (M31 / 4.2) * T31 | P31: =(I31/100) * 4.45 * (G31 / 4.2) * T31 | Q31: =(O31+P31) | S31: =H31 | T31: =IF(S31="ROCKIES",1.13,IF(S31="ATHLETICS",1.03,IF(S31="ROYALS",1.03,IF(S31="TWINS",1,IF(S31="TIGERS",1,IF(S31="MARLINS",1.01,IF(S31="REDS",1.05,IF(S31="RED SOX",1.04,IF(S31="YANKEES",1.02,IF(S31="DODGERS",0.99,IF(S31="PADRES",0.96,IF(S31="CUBS",0.98,IF(S31="GIANTS",0.97,IF(S31="MARINERS",0.94,IF(S31="RANGERS",1,IF(S31="ASTROS",0.99,IF(S31="BRAVES",1,IF(S31="METS",0.96,IF(S31="PHILLIES",1.02,IF(S31="BLUE JAYS",1.01,IF(S31="ORIOLES",0.99,IF(S31="RAYS",1.01,IF(S31="GUARDIANS",0.99,IF(S31="WHITE SOX",0.98,IF(S31="ANGELS",1.01,IF(S31="D-BACKS",1.01,IF(S31="BREWERS",0.99,IF(S31="CARDINALS",0.96,IF(S31="PIRATES",1.02,IF(S31="NATIONALS",1,1))))))))))))))))))))))))))))))*IF(W31="",1,(1+((W31-70)/10*0.035)))*IF(U31="DOME",1,IF(U31="IN",1-(V31*0.01),IF(U31="OUT",1+(V31*0.01),IF(OR(U31="L-R",U31="R-L"),1+(V31*0.005),1)))) | U31: DOME | Y31: =B31 & " vs. " & H31 | Z31: =TRIM(LEFT(Y31, FIND("vs.", Y31)-1)) | AA31: =TRIM(MID(Y31, FIND(" vs. ", Y31)+4, 100)) | AB31: =IF(Q31 > VALUE(AC31), "O " & AC31, IF(Q31 < VALUE(AC31), "U " & AC31, AC31)) | AC31: =IF(OR(O31="-", P31="-"), "-", MROUND(O31 + P31, 0.5)) | AD31: =VALUE(TRIM(RIGHT(AF31, LEN(AF31) - FIND(" ", AF31)))) | AE31: =LEFT(AF31,FIND(" ",AF31)-1) | AF31: =IF(OR(O31="-", P31="-"), "-", IF(MROUND(ABS(O31-P31),0.5)<=0.5, IF(O31>P31, B31 & " ML", H31 & " ML"), IF(MROUND(ABS(O31-P31),0.5)=1, IF(O31>P31, H31 & " +1.5", B31 & " +1.5"), IF(O31>P31, B31 & " -1.5", H31 & " -1.5") ) ) ) | AG31: =_xlfn.LET( _xlpm.winA, O31^1.83 / (O31^1.83 + P31^1.83), _xlpm.winB, 1 - _xlpm.winA, _xlpm.oddsA, IF(_xlpm.winA >= 0.5, "-" & ROUND(_xlpm.winA / (1 - _xlpm.winA) * 100, 0), "+" & ROUND((1 - _xlpm.winA) / _xlpm.winA * 100, 0)), _xlpm.oddsB, IF(_xlpm.winB >= 0.5, "-" & ROUND(_xlpm.winB / (1 - _xlpm.winB) * 100, 0), "+" & ROUND((1 - _xlpm.winB) / _xlpm.winB * 100, 0)), _xlpm.oddsA & " / " & _xlpm.oddsB)
A32: 46109 | B32: ROYALS | C32: =VLOOKUP(B32, 'MLB Data'!$B$5:$D$34, 3, FALSE) | D32: WACHA | E32: 4.56 | F32: =VLOOKUP(B32, 'MLB Data'!$F$2:$H$34, 3, FALSE) | G32: =IF((E32*0.6+F32*0.4)<2.5, 2.8, IF((E32*0.6+F32*0.4)>5.5, 5.2, (E32*0.6+F32*0.4))) | H32: BRAVES | I32: =VLOOKUP(H32, 'MLB Data'!$B$5:$D$34, 3, FALSE) | J32: LOPEZ | K32: 5.79 | L32: =VLOOKUP(H32, 'MLB Data'!$F$2:$H$34, 3, FALSE) | M32: =IF((K32*0.6+L32*0.4)<2.5, 2.8, IF((K32*0.6+L32*0.4)>5.5, 5.2, (K32*0.6+L32*0.4))) | O32: =(C32/100) * 4.45 * (M32 / 4.2) * T32 | P32: =(I32/100) * 4.45 * (G32 / 4.2) * T32 | Q32: =(O32+P32) | S32: =H32 | T32: =IF(S32="ROCKIES",1.13,IF(S32="ATHLETICS",1.03,IF(S32="ROYALS",1.03,IF(S32="TWINS",1,IF(S32="TIGERS",1,IF(S32="MARLINS",1.01,IF(S32="REDS",1.05,IF(S32="RED SOX",1.04,IF(S32="YANKEES",1.02,IF(S32="DODGERS",0.99,IF(S32="PADRES",0.96,IF(S32="CUBS",0.98,IF(S32="GIANTS",0.97,IF(S32="MARINERS",0.94,IF(S32="RANGERS",1,IF(S32="ASTROS",0.99,IF(S32="BRAVES",1,IF(S32="METS",0.96,IF(S32="PHILLIES",1.02,IF(S32="BLUE JAYS",1.01,IF(S32="ORIOLES",0.99,IF(S32="RAYS",1.01,IF(S32="GUARDIANS",0.99,IF(S32="WHITE SOX",0.98,IF(S32="ANGELS",1.01,IF(S32="D-BACKS",1.01,IF(S32="BREWERS",0.99,IF(S32="CARDINALS",0.96,IF(S32="PIRATES",1.02,IF(S32="NATIONALS",1,1))))))))))))))))))))))))))))))*IF(W32="",1,(1+((W32-70)/10*0.035)))*IF(U32="DOME",1,IF(U32="IN",1-(V32*0.01),IF(U32="OUT",1+(V32*0.01),IF(OR(U32="L-R",U32="R-L"),1+(V32*0.005),1)))) | U32: R-L | W32: 65 | Y32: =B32 & " vs. " & H32 | Z32: =TRIM(LEFT(Y32, FIND("vs.", Y32)-1)) | AA32: =TRIM(MID(Y32, FIND(" vs. ", Y32)+4, 100)) | AB32: =IF(Q32 > VALUE(AC32), "O " & AC32, IF(Q32 < VALUE(AC32), "U " & AC32, AC32)) | AC32: =IF(OR(O32="-", P32="-"), "-", MROUND(O32 + P32, 0.5)) | AD32: =VALUE(TRIM(RIGHT(AF32, LEN(AF32) - FIND(" ", AF32)))) | AE32: =LEFT(AF32,FIND(" ",AF32)-1) | AF32: =IF(OR(O32="-", P32="-"), "-", IF(MROUND(ABS(O32-P32),0.5)<=0.5, IF(O32>P32, B32 & " ML", H32 & " ML"), IF(MROUND(ABS(O32-P32),0.5)=1, IF(O32>P32, H32 & " +1.5", B32 & " +1.5"), IF(O32>P32, B32 & " -1.5", H32 & " -1.5") ) ) ) | AG32: =_xlfn.LET( _xlpm.winA, O32^1.83 / (O32^1.83 + P32^1.83), _xlpm.winB, 1 - _xlpm.winA, _xlpm.oddsA, IF(_xlpm.winA >= 0.5, "-" & ROUND(_xlpm.winA / (1 - _xlpm.winA) * 100, 0), "+" & ROUND((1 - _xlpm.winA) / _xlpm.winA * 100, 0)), _xlpm.oddsB, IF(_xlpm.winB >= 0.5, "-" & ROUND(_xlpm.winB / (1 - _xlpm.winB) * 100, 0), "+" & ROUND((1 - _xlpm.winB) / _xlpm.winB * 100, 0)), _xlpm.oddsA & " / " & _xlpm.oddsB)
A33: 46109 | B33: YANKEES | C33: =VLOOKUP(B33, 'MLB Data'!$B$5:$D$34, 3, FALSE) | D33: WARREN | E33: 3.91 | F33: =VLOOKUP(B33, 'MLB Data'!$F$2:$H$34, 3, FALSE) | G33: =IF((E33*0.6+F33*0.4)<2.5, 2.8, IF((E33*0.6+F33*0.4)>5.5, 5.2, (E33*0.6+F33*0.4))) | H33: GIANTS | I33: =VLOOKUP(H33, 'MLB Data'!$B$5:$D$34, 3, FALSE) | J33: MAHLE | K33: 4.43 | L33: =VLOOKUP(H33, 'MLB Data'!$F$2:$H$34, 3, FALSE) | M33: =IF((K33*0.6+L33*0.4)<2.5, 2.8, IF((K33*0.6+L33*0.4)>5.5, 5.2, (K33*0.6+L33*0.4))) | O33: =(C33/100) * 4.45 * (M33 / 4.2) * T33 | P33: =(I33/100) * 4.45 * (G33 / 4.2) * T33 | Q33: =(O33+P33) | S33: =H33 | T33: =IF(S33="ROCKIES",1.13,IF(S33="ATHLETICS",1.03,IF(S33="ROYALS",1.03,IF(S33="TWINS",1,IF(S33="TIGERS",1,IF(S33="MARLINS",1.01,IF(S33="REDS",1.05,IF(S33="RED SOX",1.04,IF(S33="YANKEES",1.02,IF(S33="DODGERS",0.99,IF(S33="PADRES",0.96,IF(S33="CUBS",0.98,IF(S33="GIANTS",0.97,IF(S33="MARINERS",0.94,IF(S33="RANGERS",1,IF(S33="ASTROS",0.99,IF(S33="BRAVES",1,IF(S33="METS",0.96,IF(S33="PHILLIES",1.02,IF(S33="BLUE JAYS",1.01,IF(S33="ORIOLES",0.99,IF(S33="RAYS",1.01,IF(S33="GUARDIANS",0.99,IF(S33="WHITE SOX",0.98,IF(S33="ANGELS",1.01,IF(S33="D-BACKS",1.01,IF(S33="BREWERS",0.99,IF(S33="CARDINALS",0.96,IF(S33="PIRATES",1.02,IF(S33="NATIONALS",1,1))))))))))))))))))))))))))))))*IF(W33="",1,(1+((W33-70)/10*0.035)))*IF(U33="DOME",1,IF(U33="IN",1-(V33*0.01),IF(U33="OUT",1+(V33*0.01),IF(OR(U33="L-R",U33="R-L"),1+(V33*0.005),1)))) | U33: OUT | W33: 67 | Y33: =B33 & " vs. " & H33 | Z33: =TRIM(LEFT(Y33, FIND("vs.", Y33)-1)) | AA33: =TRIM(MID(Y33, FIND(" vs. ", Y33)+4, 100)) | AB33: =IF(Q33 > VALUE(AC33), "O " & AC33, IF(Q33 < VALUE(AC33), "U " & AC33, AC33)) | AC33: =IF(OR(O33="-", P33="-"), "-", MROUND(O33 + P33, 0.5)) | AD33: =VALUE(TRIM(RIGHT(AF33, LEN(AF33) - FIND(" ", AF33)))) | AE33: =LEFT(AF33,FIND(" ",AF33)-1) | AF33: =IF(OR(O33="-", P33="-"), "-", IF(MROUND(ABS(O33-P33),0.5)<=0.5, IF(O33>P33, B33 & " ML", H33 & " ML"), IF(MROUND(ABS(O33-P33),0.5)=1, IF(O33>P33, H33 & " +1.5", B33 & " +1.5"), IF(O33>P33, B33 & " -1.5", H33 & " -1.5") ) ) ) | AG33: =_xlfn.LET( _xlpm.winA, O33^1.83 / (O33^1.83 + P33^1.83), _xlpm.winB, 1 - _xlpm.winA, _xlpm.oddsA, IF(_xlpm.winA >= 0.5, "-" & ROUND(_xlpm.winA / (1 - _xlpm.winA) * 100, 0), "+" & ROUND((1 - _xlpm.winA) / _xlpm.winA * 100, 0)), _xlpm.oddsB, IF(_xlpm.winB >= 0.5, "-" & ROUND(_xlpm.winB / (1 - _xlpm.winB) * 100, 0), "+" & ROUND((1 - _xlpm.winB) / _xlpm.winB * 100, 0)), _xlpm.oddsA & " / " & _xlpm.oddsB)
A34: 46109 | B34: TIGERS | C34: =VLOOKUP(B34, 'MLB Data'!$B$5:$D$34, 3, FALSE) | D34: FLAHERTY | E34: 3.69 | F34: =VLOOKUP(B34, 'MLB Data'!$F$2:$H$34, 3, FALSE) | G34: =IF((E34*0.6+F34*0.4)<2.5, 2.8, IF((E34*0.6+F34*0.4)>5.5, 5.2, (E34*0.6+F34*0.4))) | H34: PADRES | I34: =VLOOKUP(H34, 'MLB Data'!$B$5:$D$34, 3, FALSE) | J34: VASQUEZ | K34: 5.62 | L34: =VLOOKUP(H34, 'MLB Data'!$F$2:$H$34, 3, FALSE) | M34: =IF((K34*0.6+L34*0.4)<2.5, 2.8, IF((K34*0.6+L34*0.4)>5.5, 5.2, (K34*0.6+L34*0.4))) | O34: =(C34/100) * 4.45 * (M34 / 4.2) * T34 | P34: =(I34/100) * 4.45 * (G34 / 4.2) * T34 | Q34: =(O34+P34) | S34: =H34 | T34: =IF(S34="ROCKIES",1.13,IF(S34="ATHLETICS",1.03,IF(S34="ROYALS",1.03,IF(S34="TWINS",1,IF(S34="TIGERS",1,IF(S34="MARLINS",1.01,IF(S34="REDS",1.05,IF(S34="RED SOX",1.04,IF(S34="YANKEES",1.02,IF(S34="DODGERS",0.99,IF(S34="PADRES",0.96,IF(S34="CUBS",0.98,IF(S34="GIANTS",0.97,IF(S34="MARINERS",0.94,IF(S34="RANGERS",1,IF(S34="ASTROS",0.99,IF(S34="BRAVES",1,IF(S34="METS",0.96,IF(S34="PHILLIES",1.02,IF(S34="BLUE JAYS",1.01,IF(S34="ORIOLES",0.99,IF(S34="RAYS",1.01,IF(S34="GUARDIANS",0.99,IF(S34="WHITE SOX",0.98,IF(S34="ANGELS",1.01,IF(S34="D-BACKS",1.01,IF(S34="BREWERS",0.99,IF(S34="CARDINALS",0.96,IF(S34="PIRATES",1.02,IF(S34="NATIONALS",1,1))))))))))))))))))))))))))))))*IF(W34="",1,(1+((W34-70)/10*0.035)))*IF(U34="DOME",1,IF(U34="IN",1-(V34*0.01),IF(U34="OUT",1+(V34*0.01),IF(OR(U34="L-R",U34="R-L"),1+(V34*0.005),1)))) | U34: L-R | W34: 74 | Y34: =B34 & " vs. " & H34 | Z34: =TRIM(LEFT(Y34, FIND("vs.", Y34)-1)) | AA34: =TRIM(MID(Y34, FIND(" vs. ", Y34)+4, 100)) | AB34: =IF(Q34 > VALUE(AC34), "O " & AC34, IF(Q34 < VALUE(AC34), "U " & AC34, AC34)) | AC34: =IF(OR(O34="-", P34="-"), "-", MROUND(O34 + P34, 0.5)) | AD34: =VALUE(TRIM(RIGHT(AF34, LEN(AF34) - FIND(" ", AF34)))) | AE34: =LEFT(AF34,FIND(" ",AF34)-1) | AF34: =IF(OR(O34="-", P34="-"), "-", IF(MROUND(ABS(O34-P34),0.5)<=0.5, IF(O34>P34, B34 & " ML", H34 & " ML"), IF(MROUND(ABS(O34-P34),0.5)=1, IF(O34>P34, H34 & " +1.5", B34 & " +1.5"), IF(O34>P34, B34 & " -1.5", H34 & " -1.5") ) ) ) | AG34: =_xlfn.LET( _xlpm.winA, O34^1.83 / (O34^1.83 + P34^1.83), _xlpm.winB, 1 - _xlpm.winA, _xlpm.oddsA, IF(_xlpm.winA >= 0.5, "-" & ROUND(_xlpm.winA / (1 - _xlpm.winA) * 100, 0), "+" & ROUND((1 - _xlpm.winA) / _xlpm.winA * 100, 0)), _xlpm.oddsB, IF(_xlpm.winB >= 0.5, "-" & ROUND(_xlpm.winB / (1 - _xlpm.winB) * 100, 0), "+" & ROUND((1 - _xlpm.winB) / _xlpm.winB * 100, 0)), _xlpm.oddsA & " / " & _xlpm.oddsB )
A35: 46109 | B35: D-BACKS | C35: =VLOOKUP(B35, 'MLB Data'!$B$5:$D$34, 3, FALSE) | D35: RODRIGUEZ | E35: 4.44 | F35: =VLOOKUP(B35, 'MLB Data'!$F$2:$H$34, 3, FALSE) | G35: =IF((E35*0.6+F35*0.4)<2.5, 2.8, IF((E35*0.6+F35*0.4)>5.5, 5.2, (E35*0.6+F35*0.4))) | H35: DODGERS | I35: =VLOOKUP(H35, 'MLB Data'!$B$5:$D$34, 3, FALSE) | J35: GLASNOW | K35: 3.72 | L35: =VLOOKUP(H35, 'MLB Data'!$F$2:$H$34, 3, FALSE) | M35: =IF((K35*0.6+L35*0.4)<2.5, 2.8, IF((K35*0.6+L35*0.4)>5.5, 5.2, (K35*0.6+L35*0.4))) | O35: =(C35/100) * 4.45 * (M35 / 4.2) * T35 | P35: =(I35/100) * 4.45 * (G35 / 4.2) * T35 | Q35: =(O35+P35) | S35: =H35 | T35: =IF(S35="ROCKIES",1.13,IF(S35="ATHLETICS",1.03,IF(S35="ROYALS",1.03,IF(S35="TWINS",1,IF(S35="TIGERS",1,IF(S35="MARLINS",1.01,IF(S35="REDS",1.05,IF(S35="RED SOX",1.04,IF(S35="YANKEES",1.02,IF(S35="DODGERS",0.99,IF(S35="PADRES",0.96,IF(S35="CUBS",0.98,IF(S35="GIANTS",0.97,IF(S35="MARINERS",0.94,IF(S35="RANGERS",1,IF(S35="ASTROS",0.99,IF(S35="BRAVES",1,IF(S35="METS",0.96,IF(S35="PHILLIES",1.02,IF(S35="BLUE JAYS",1.01,IF(S35="ORIOLES",0.99,IF(S35="RAYS",1.01,IF(S35="GUARDIANS",0.99,IF(S35="WHITE SOX",0.98,IF(S35="ANGELS",1.01,IF(S35="D-BACKS",1.01,IF(S35="BREWERS",0.99,IF(S35="CARDINALS",0.96,IF(S35="PIRATES",1.02,IF(S35="NATIONALS",1,1))))))))))))))))))))))))))))))*IF(W35="",1,(1+((W35-70)/10*0.035)))*IF(U35="DOME",1,IF(U35="IN",1-(V35*0.01),IF(U35="OUT",1+(V35*0.01),IF(OR(U35="L-R",U35="R-L"),1+(V35*0.005),1)))) | U35: OUT | W35: 70 | Y35: =B35 & " vs. " & H35 | Z35: =TRIM(LEFT(Y35, FIND("vs.", Y35)-1)) | AA35: =TRIM(MID(Y35, FIND(" vs. ", Y35)+4, 100)) | AB35: =IF(Q35 > VALUE(AC35), "O " & AC35, IF(Q35 < VALUE(AC35), "U " & AC35, AC35)) | AC35: =IF(OR(O35="-", P35="-"), "-", MROUND(O35 + P35, 0.5)) | AD35: =VALUE(TRIM(RIGHT(AF35, LEN(AF35) - FIND(" ", AF35)))) | AE35: =LEFT(AF35,FIND(" ",AF35)-1) | AF35: =IF(OR(O35="-", P35="-"), "-", IF(MROUND(ABS(O35-P35),0.5)<=0.5, IF(O35>P35, B35 & " ML", H35 & " ML"), IF(MROUND(ABS(O35-P35),0.5)=1, IF(O35>P35, H35 & " +1.5", B35 & " +1.5"), IF(O35>P35, B35 & " -1.5", H35 & " -1.5") ) ) ) | AG35: =_xlfn.LET( _xlpm.winA, O35^1.83 / (O35^1.83 + P35^1.83), _xlpm.winB, 1 - _xlpm.winA, _xlpm.oddsA, IF(_xlpm.winA >= 0.5, "-" & ROUND(_xlpm.winA / (1 - _xlpm.winA) * 100, 0), "+" & ROUND((1 - _xlpm.winA) / _xlpm.winA * 100, 0)), _xlpm.oddsB, IF(_xlpm.winB >= 0.5, "-" & ROUND(_xlpm.winB / (1 - _xlpm.winB) * 100, 0), "+" & ROUND((1 - _xlpm.winB) / _xlpm.winB * 100, 0)), _xlpm.oddsA & " / " & _xlpm.oddsB)
A36: 46109 | B36: GUARDIANS | C36: =VLOOKUP(B36, 'MLB Data'!$B$5:$D$34, 3, FALSE) | D36: CANTILLO | E36: 3.78 | F36: =VLOOKUP(B36, 'MLB Data'!$F$2:$H$34, 3, FALSE) | G36: =IF((E36*0.6+F36*0.4)<2.5, 2.8, IF((E36*0.6+F36*0.4)>5.5, 5.2, (E36*0.6+F36*0.4))) | H36: MARINERS | I36: =VLOOKUP(H36, 'MLB Data'!$B$5:$D$34, 3, FALSE) | J36: WOO | K36: 3.33 | L36: =VLOOKUP(H36, 'MLB Data'!$F$2:$H$34, 3, FALSE) | M36: =IF((K36*0.6+L36*0.4)<2.5, 2.8, IF((K36*0.6+L36*0.4)>5.5, 5.2, (K36*0.6+L36*0.4))) | O36: =(C36/100) * 4.45 * (M36 / 4.2) * T36 | P36: =(I36/100) * 4.45 * (G36 / 4.2) * T36 | Q36: =(O36+P36) | S36: =H36 | T36: =IF(S36="ROCKIES",1.13,IF(S36="ATHLETICS",1.03,IF(S36="ROYALS",1.03,IF(S36="TWINS",1,IF(S36="TIGERS",1,IF(S36="MARLINS",1.01,IF(S36="REDS",1.05,IF(S36="RED SOX",1.04,IF(S36="YANKEES",1.02,IF(S36="DODGERS",0.99,IF(S36="PADRES",0.96,IF(S36="CUBS",0.98,IF(S36="GIANTS",0.97,IF(S36="MARINERS",0.94,IF(S36="RANGERS",1,IF(S36="ASTROS",0.99,IF(S36="BRAVES",1,IF(S36="METS",0.96,IF(S36="PHILLIES",1.02,IF(S36="BLUE JAYS",1.01,IF(S36="ORIOLES",0.99,IF(S36="RAYS",1.01,IF(S36="GUARDIANS",0.99,IF(S36="WHITE SOX",0.98,IF(S36="ANGELS",1.01,IF(S36="D-BACKS",1.01,IF(S36="BREWERS",0.99,IF(S36="CARDINALS",0.96,IF(S36="PIRATES",1.02,IF(S36="NATIONALS",1,1))))))))))))))))))))))))))))))*IF(W36="",1,(1+((W36-70)/10*0.035)))*IF(U36="DOME",1,IF(U36="IN",1-(V36*0.01),IF(U36="OUT",1+(V36*0.01),IF(OR(U36="L-R",U36="R-L"),1+(V36*0.005),1)))) | Y36: =B36 & " vs. " & H36 | Z36: =TRIM(LEFT(Y36, FIND("vs.", Y36)-1)) | AA36: =TRIM(MID(Y36, FIND(" vs. ", Y36)+4, 100)) | AB36: =IF(Q36 > VALUE(AC36), "O " & AC36, IF(Q36 < VALUE(AC36), "U " & AC36, AC36)) | AC36: =IF(OR(O36="-", P36="-"), "-", MROUND(O36 + P36, 0.5)) | AD36: =VALUE(TRIM(RIGHT(AF36, LEN(AF36) - FIND(" ", AF36)))) | AE36: =LEFT(AF36,FIND(" ",AF36)-1) | AF36: =IF(OR(O36="-", P36="-"), "-", IF(MROUND(ABS(O36-P36),0.5)<=0.5, IF(O36>P36, B36 & " ML", H36 & " ML"), IF(MROUND(ABS(O36-P36),0.5)=1, IF(O36>P36, H36 & " +1.5", B36 & " +1.5"), IF(O36>P36, B36 & " -1.5", H36 & " -1.5") ) ) ) | AG36: =_xlfn.LET( _xlpm.winA, O36^1.83 / (O36^1.83 + P36^1.83), _xlpm.winB, 1 - _xlpm.winA, _xlpm.oddsA, IF(_xlpm.winA >= 0.5, "-" & ROUND(_xlpm.winA / (1 - _xlpm.winA) * 100, 0), "+" & ROUND((1 - _xlpm.winA) / _xlpm.winA * 100, 0)), _xlpm.oddsB, IF(_xlpm.winB >= 0.5, "-" & ROUND(_xlpm.winB / (1 - _xlpm.winB) * 100, 0), "+" & ROUND((1 - _xlpm.winB) / _xlpm.winB * 100, 0)), _xlpm.oddsA & " / " & _xlpm.oddsB)
A37: 46110 | B37: TWINS | C37: =VLOOKUP(B37, 'MLB Data'!$B$5:$D$34, 3, FALSE) | D37: OBER | E37: 4.75 | F37: =VLOOKUP(B37, 'MLB Data'!$F$2:$H$34, 3, FALSE) | G37: =IF((E37*0.6+F37*0.4)<2.5, 2.8, IF((E37*0.6+F37*0.4)>5.5, 5.2, (E37*0.6+F37*0.4))) | H37: ORIOLES | I37: =VLOOKUP(H37, 'MLB Data'!$B$5:$D$34, 3, FALSE) | J37: BAZ | K37: 3.88 | L37: =VLOOKUP(H37, 'MLB Data'!$F$2:$H$34, 3, FALSE) | M37: =IF((K37*0.6+L37*0.4)<2.5, 2.8, IF((K37*0.6+L37*0.4)>5.5, 5.2, (K37*0.6+L37*0.4))) | O37: =(C37/100) * 4.45 * (M37 / 4.2) * T37 | P37: =(I37/100) * 4.45 * (G37 / 4.2) * T37 | Q37: =(O37+P37) | S37: =H37 | T37: =IF(S37="ROCKIES",1.13,IF(S37="ATHLETICS",1.03,IF(S37="ROYALS",1.03,IF(S37="TWINS",1,IF(S37="TIGERS",1,IF(S37="MARLINS",1.01,IF(S37="REDS",1.05,IF(S37="RED SOX",1.04,IF(S37="YANKEES",1.02,IF(S37="DODGERS",0.99,IF(S37="PADRES",0.96,IF(S37="CUBS",0.98,IF(S37="GIANTS",0.97,IF(S37="MARINERS",0.94,IF(S37="RANGERS",1,IF(S37="ASTROS",0.99,IF(S37="BRAVES",1,IF(S37="METS",0.96,IF(S37="PHILLIES",1.02,IF(S37="BLUE JAYS",1.01,IF(S37="ORIOLES",0.99,IF(S37="RAYS",1.01,IF(S37="GUARDIANS",0.99,IF(S37="WHITE SOX",0.98,IF(S37="ANGELS",1.01,IF(S37="D-BACKS",1.01,IF(S37="BREWERS",0.99,IF(S37="CARDINALS",0.96,IF(S37="PIRATES",1.02,IF(S37="NATIONALS",1,1))))))))))))))))))))))))))))))*IF(W37="",1,(1+((W37-70)/10*0.035)))*IF(U37="DOME",1,IF(U37="IN",1-(V37*0.01),IF(U37="OUT",1+(V37*0.01),IF(OR(U37="L-R",U37="R-L"),1+(V37*0.005),1)))) | U37: OUT | W37: 55 | Y37: =B37 & " vs. " & H37 | Z37: =TRIM(LEFT(Y37, FIND("vs.", Y37)-1)) | AA37: =TRIM(MID(Y37, FIND(" vs. ", Y37)+4, 100)) | AB37: =IF(Q37 > VALUE(AC37), "O " & AC37, IF(Q37 < VALUE(AC37), "U " & AC37, AC37)) | AC37: =IF(OR(O37="-", P37="-"), "-", MROUND(O37 + P37, 0.5)) | AD37: =VALUE(TRIM(RIGHT(AF37, LEN(AF37) - FIND(" ", AF37)))) | AE37: =LEFT(AF37,FIND(" ",AF37)-1) | AF37: =IF(OR(O37="-", P37="-"), "-", IF(MROUND(ABS(O37-P37),0.5)<=0.5, IF(O37>P37, B37 & " ML", H37 & " ML"), IF(MROUND(ABS(O37-P37),0.5)=1, IF(O37>P37, H37 & " +1.5", B37 & " +1.5"), IF(O37>P37, B37 & " -1.5", H37 & " -1.5") ) ) ) | AG37: =_xlfn.LET( _xlpm.winA, O37^1.83 / (O37^1.83 + P37^1.83), _xlpm.winB, 1 - _xlpm.winA, _xlpm.oddsA, IF(_xlpm.winA >= 0.5, "-" & ROUND(_xlpm.winA / (1 - _xlpm.winA) * 100, 0), "+" & ROUND((1 - _xlpm.winA) / _xlpm.winA * 100, 0)), _xlpm.oddsB, IF(_xlpm.winB >= 0.5, "-" & ROUND(_xlpm.winB / (1 - _xlpm.winB) * 100, 0), "+" & ROUND((1 - _xlpm.winB) / _xlpm.winB * 100, 0)), _xlpm.oddsA & " / " & _xlpm.oddsB)
A38: 46110 | B38: RANGERS | C38: =VLOOKUP(B38, 'MLB Data'!$B$5:$D$34, 3, FALSE) | D38: GORE | E38: 3.78 | F38: =VLOOKUP(B38, 'MLB Data'!$F$2:$H$34, 3, FALSE) | G38: =IF((E38*0.6+F38*0.4)<2.5, 2.8, IF((E38*0.6+F38*0.4)>5.5, 5.2, (E38*0.6+F38*0.4))) | H38: PHILLIES | I38: =VLOOKUP(H38, 'MLB Data'!$B$5:$D$34, 3, FALSE) | J38: LUZARDO | K38: 3.25 | L38: =VLOOKUP(H38, 'MLB Data'!$F$2:$H$34, 3, FALSE) | M38: =IF((K38*0.6+L38*0.4)<2.5, 2.8, IF((K38*0.6+L38*0.4)>5.5, 5.2, (K38*0.6+L38*0.4))) | O38: =(C38/100) * 4.45 * (M38 / 4.2) * T38 | P38: =(I38/100) * 4.45 * (G38 / 4.2) * T38 | Q38: =(O38+P38) | S38: =H38 | T38: =IF(S38="ROCKIES",1.13,IF(S38="ATHLETICS",1.03,IF(S38="ROYALS",1.03,IF(S38="TWINS",1,IF(S38="TIGERS",1,IF(S38="MARLINS",1.01,IF(S38="REDS",1.05,IF(S38="RED SOX",1.04,IF(S38="YANKEES",1.02,IF(S38="DODGERS",0.99,IF(S38="PADRES",0.96,IF(S38="CUBS",0.98,IF(S38="GIANTS",0.97,IF(S38="MARINERS",0.94,IF(S38="RANGERS",1,IF(S38="ASTROS",0.99,IF(S38="BRAVES",1,IF(S38="METS",0.96,IF(S38="PHILLIES",1.02,IF(S38="BLUE JAYS",1.01,IF(S38="ORIOLES",0.99,IF(S38="RAYS",1.01,IF(S38="GUARDIANS",0.99,IF(S38="WHITE SOX",0.98,IF(S38="ANGELS",1.01,IF(S38="D-BACKS",1.01,IF(S38="BREWERS",0.99,IF(S38="CARDINALS",0.96,IF(S38="PIRATES",1.02,IF(S38="NATIONALS",1,1))))))))))))))))))))))))))))))*IF(W38="",1,(1+((W38-70)/10*0.035)))*IF(U38="DOME",1,IF(U38="IN",1-(V38*0.01),IF(U38="OUT",1+(V38*0.01),IF(OR(U38="L-R",U38="R-L"),1+(V38*0.005),1)))) | U38: OUT | W38: 53 | Y38: =B38 & " vs. " & H38 | Z38: =TRIM(LEFT(Y38, FIND("vs.", Y38)-1)) | AA38: =TRIM(MID(Y38, FIND(" vs. ", Y38)+4, 100)) | AB38: =IF(Q38 > VALUE(AC38), "O " & AC38, IF(Q38 < VALUE(AC38), "U " & AC38, AC38)) | AC38: =IF(OR(O38="-", P38="-"), "-", MROUND(O38 + P38, 0.5)) | AD38: =VALUE(TRIM(RIGHT(AF38, LEN(AF38) - FIND(" ", AF38)))) | AE38: =LEFT(AF38,FIND(" ",AF38)-1) | AF38: =IF(OR(O38="-", P38="-"), "-", IF(MROUND(ABS(O38-P38),0.5)<=0.5, IF(O38>P38, B38 & " ML", H38 & " ML"), IF(MROUND(ABS(O38-P38),0.5)=1, IF(O38>P38, H38 & " +1.5", B38 & " +1.5"), IF(O38>P38, B38 & " -1.5", H38 & " -1.5") ) ) ) | AG38: =_xlfn.LET( _xlpm.winA, O38^1.83 / (O38^1.83 + P38^1.83), _xlpm.winB, 1 - _xlpm.winA, _xlpm.oddsA, IF(_xlpm.winA >= 0.5, "-" & ROUND(_xlpm.winA / (1 - _xlpm.winA) * 100, 0), "+" & ROUND((1 - _xlpm.winA) / _xlpm.winA * 100, 0)), _xlpm.oddsB, IF(_xlpm.winB >= 0.5, "-" & ROUND(_xlpm.winB / (1 - _xlpm.winB) * 100, 0), "+" & ROUND((1 - _xlpm.winB) / _xlpm.winB * 100, 0)), _xlpm.oddsA & " / " & _xlpm.oddsB)
A39: 46110 | B39: ROYALS | C39: =VLOOKUP(B39, 'MLB Data'!$B$5:$D$34, 3, FALSE) | D39: LUGO | E39: 4.53 | F39: =VLOOKUP(B39, 'MLB Data'!$F$2:$H$34, 3, FALSE) | G39: =IF((E39*0.6+F39*0.4)<2.5, 2.8, IF((E39*0.6+F39*0.4)>5.5, 5.2, (E39*0.6+F39*0.4))) | H39: BRAVES | I39: =VLOOKUP(H39, 'MLB Data'!$B$5:$D$34, 3, FALSE) | J39: HOLMES | K39: 4.08 | L39: =VLOOKUP(H39, 'MLB Data'!$F$2:$H$34, 3, FALSE) | M39: =IF((K39*0.6+L39*0.4)<2.5, 2.8, IF((K39*0.6+L39*0.4)>5.5, 5.2, (K39*0.6+L39*0.4))) | O39: =(C39/100) * 4.45 * (M39 / 4.2) * T39 | P39: =(I39/100) * 4.45 * (G39 / 4.2) * T39 | Q39: =(O39+P39) | S39: =H39 | T39: =IF(S39="ROCKIES",1.13,IF(S39="ATHLETICS",1.03,IF(S39="ROYALS",1.03,IF(S39="TWINS",1,IF(S39="TIGERS",1,IF(S39="MARLINS",1.01,IF(S39="REDS",1.05,IF(S39="RED SOX",1.04,IF(S39="YANKEES",1.02,IF(S39="DODGERS",0.99,IF(S39="PADRES",0.96,IF(S39="CUBS",0.98,IF(S39="GIANTS",0.97,IF(S39="MARINERS",0.94,IF(S39="RANGERS",1,IF(S39="ASTROS",0.99,IF(S39="BRAVES",1,IF(S39="METS",0.96,IF(S39="PHILLIES",1.02,IF(S39="BLUE JAYS",1.01,IF(S39="ORIOLES",0.99,IF(S39="RAYS",1.01,IF(S39="GUARDIANS",0.99,IF(S39="WHITE SOX",0.98,IF(S39="ANGELS",1.01,IF(S39="D-BACKS",1.01,IF(S39="BREWERS",0.99,IF(S39="CARDINALS",0.96,IF(S39="PIRATES",1.02,IF(S39="NATIONALS",1,1))))))))))))))))))))))))))))))*IF(W39="",1,(1+((W39-70)/10*0.035)))*IF(U39="DOME",1,IF(U39="IN",1-(V39*0.01),IF(U39="OUT",1+(V39*0.01),IF(OR(U39="L-R",U39="R-L"),1+(V39*0.005),1)))) | U39: R-L | W39: 60 | Y39: =B39 & " vs. " & H39 | Z39: =TRIM(LEFT(Y39, FIND("vs.", Y39)-1)) | AA39: =TRIM(MID(Y39, FIND(" vs. ", Y39)+4, 100)) | AB39: =IF(Q39 > VALUE(AC39), "O " & AC39, IF(Q39 < VALUE(AC39), "U " & AC39, AC39)) | AC39: =IF(OR(O39="-", P39="-"), "-", MROUND(O39 + P39, 0.5)) | AD39: =VALUE(TRIM(RIGHT(AF39, LEN(AF39) - FIND(" ", AF39)))) | AE39: =LEFT(AF39,FIND(" ",AF39)-1) | AF39: =IF(OR(O39="-", P39="-"), "-", IF(MROUND(ABS(O39-P39),0.5)<=0.5, IF(O39>P39, B39 & " ML", H39 & " ML"), IF(MROUND(ABS(O39-P39),0.5)=1, IF(O39>P39, H39 & " +1.5", B39 & " +1.5"), IF(O39>P39, B39 & " -1.5", H39 & " -1.5") ) ) ) | AG39: =_xlfn.LET( _xlpm.winA, O39^1.83 / (O39^1.83 + P39^1.83), _xlpm.winB, 1 - _xlpm.winA, _xlpm.oddsA, IF(_xlpm.winA >= 0.5, "-" & ROUND(_xlpm.winA / (1 - _xlpm.winA) * 100, 0), "+" & ROUND((1 - _xlpm.winA) / _xlpm.winA * 100, 0)), _xlpm.oddsB, IF(_xlpm.winB >= 0.5, "-" & ROUND(_xlpm.winB / (1 - _xlpm.winB) * 100, 0), "+" & ROUND((1 - _xlpm.winB) / _xlpm.winB * 100, 0)), _xlpm.oddsA & " / " & _xlpm.oddsB)
A40: 46110 | B40: ATHLETICS | C40: =VLOOKUP(B40, 'MLB Data'!$B$5:$D$34, 3, FALSE) | D40: MORALES | E40: 4.37 | F40: =VLOOKUP(B40, 'MLB Data'!$F$2:$H$34, 3, FALSE) | G40: =IF((E40*0.6+F40*0.4)<2.5, 2.8, IF((E40*0.6+F40*0.4)>5.5, 5.2, (E40*0.6+F40*0.4))) | H40: BLUE JAYS | I40: =VLOOKUP(H40, 'MLB Data'!$B$5:$D$34, 3, FALSE) | J40: LAUER | K40: 4.22 | L40: =VLOOKUP(H40, 'MLB Data'!$F$2:$H$34, 3, FALSE) | M40: =IF((K40*0.6+L40*0.4)<2.5, 2.8, IF((K40*0.6+L40*0.4)>5.5, 5.2, (K40*0.6+L40*0.4))) | O40: =(C40/100) * 4.45 * (M40 / 4.2) * T40 | P40: =(I40/100) * 4.45 * (G40 / 4.2) * T40 | Q40: =(O40+P40) | S40: =H40 | T40: =IF(S40="ROCKIES",1.13,IF(S40="ATHLETICS",1.03,IF(S40="ROYALS",1.03,IF(S40="TWINS",1,IF(S40="TIGERS",1,IF(S40="MARLINS",1.01,IF(S40="REDS",1.05,IF(S40="RED SOX",1.04,IF(S40="YANKEES",1.02,IF(S40="DODGERS",0.99,IF(S40="PADRES",0.96,IF(S40="CUBS",0.98,IF(S40="GIANTS",0.97,IF(S40="MARINERS",0.94,IF(S40="RANGERS",1,IF(S40="ASTROS",0.99,IF(S40="BRAVES",1,IF(S40="METS",0.96,IF(S40="PHILLIES",1.02,IF(S40="BLUE JAYS",1.01,IF(S40="ORIOLES",0.99,IF(S40="RAYS",1.01,IF(S40="GUARDIANS",0.99,IF(S40="WHITE SOX",0.98,IF(S40="ANGELS",1.01,IF(S40="D-BACKS",1.01,IF(S40="BREWERS",0.99,IF(S40="CARDINALS",0.96,IF(S40="PIRATES",1.02,IF(S40="NATIONALS",1,1))))))))))))))))))))))))))))))*IF(W40="",1,(1+((W40-70)/10*0.035)))*IF(U40="DOME",1,IF(U40="IN",1-(V40*0.01),IF(U40="OUT",1+(V40*0.01),IF(OR(U40="L-R",U40="R-L"),1+(V40*0.005),1)))) | U40: DOME | Y40: =B40 & " vs. " & H40 | Z40: =TRIM(LEFT(Y40, FIND("vs.", Y40)-1)) | AA40: =TRIM(MID(Y40, FIND(" vs. ", Y40)+4, 100)) | AB40: =IF(Q40 > VALUE(AC40), "O " & AC40, IF(Q40 < VALUE(AC40), "U " & AC40, AC40)) | AC40: =IF(OR(O40="-", P40="-"), "-", MROUND(O40 + P40, 0.5)) | AD40: =VALUE(TRIM(RIGHT(AF40, LEN(AF40) - FIND(" ", AF40)))) | AE40: =LEFT(AF40,FIND(" ",AF40)-1) | AF40: =IF(OR(O40="-", P40="-"), "-", IF(MROUND(ABS(O40-P40),0.5)<=0.5, IF(O40>P40, B40 & " ML", H40 & " ML"), IF(MROUND(ABS(O40-P40),0.5)=1, IF(O40>P40, H40 & " +1.5", B40 & " +1.5"), IF(O40>P40, B40 & " -1.5", H40 & " -1.5") ) ) ) | AG40: =_xlfn.LET( _xlpm.winA, O40^1.83 / (O40^1.83 + P40^1.83), _xlpm.winB, 1 - _xlpm.winA, _xlpm.oddsA, IF(_xlpm.winA >= 0.5, "-" & ROUND(_xlpm.winA / (1 - _xlpm.winA) * 100, 0), "+" & ROUND((1 - _xlpm.winA) / _xlpm.winA * 100, 0)), _xlpm.oddsB, IF(_xlpm.winB >= 0.5, "-" & ROUND(_xlpm.winB / (1 - _xlpm.winB) * 100, 0), "+" & ROUND((1 - _xlpm.winB) / _xlpm.winB * 100, 0)), _xlpm.oddsA & " / " & _xlpm.oddsB)
A41: 46110 | B41: RED SOX | C41: =VLOOKUP(B41, 'MLB Data'!$B$5:$D$34, 3, FALSE) | D41: EARLY | E41: 2.35 | F41: =VLOOKUP(B41, 'MLB Data'!$F$2:$H$34, 3, FALSE) | G41: =IF((E41*0.6+F41*0.4)<2.5, 2.8, IF((E41*0.6+F41*0.4)>5.5, 5.2, (E41*0.6+F41*0.4))) | H41: REDS | I41: =VLOOKUP(H41, 'MLB Data'!$B$5:$D$34, 3, FALSE) | J41: LOWDER | K41: 3.75 | L41: =VLOOKUP(H41, 'MLB Data'!$F$2:$H$34, 3, FALSE) | M41: =IF((K41*0.6+L41*0.4)<2.5, 2.8, IF((K41*0.6+L41*0.4)>5.5, 5.2, (K41*0.6+L41*0.4))) | O41: =(C41/100) * 4.45 * (M41 / 4.2) * T41 | P41: =(I41/100) * 4.45 * (G41 / 4.2) * T41 | Q41: =(O41+P41) | S41: =H41 | T41: =IF(S41="ROCKIES",1.13,IF(S41="ATHLETICS",1.03,IF(S41="ROYALS",1.03,IF(S41="TWINS",1,IF(S41="TIGERS",1,IF(S41="MARLINS",1.01,IF(S41="REDS",1.05,IF(S41="RED SOX",1.04,IF(S41="YANKEES",1.02,IF(S41="DODGERS",0.99,IF(S41="PADRES",0.96,IF(S41="CUBS",0.98,IF(S41="GIANTS",0.97,IF(S41="MARINERS",0.94,IF(S41="RANGERS",1,IF(S41="ASTROS",0.99,IF(S41="BRAVES",1,IF(S41="METS",0.96,IF(S41="PHILLIES",1.02,IF(S41="BLUE JAYS",1.01,IF(S41="ORIOLES",0.99,IF(S41="RAYS",1.01,IF(S41="GUARDIANS",0.99,IF(S41="WHITE SOX",0.98,IF(S41="ANGELS",1.01,IF(S41="D-BACKS",1.01,IF(S41="BREWERS",0.99,IF(S41="CARDINALS",0.96,IF(S41="PIRATES",1.02,IF(S41="NATIONALS",1,1))))))))))))))))))))))))))))))*IF(W41="",1,(1+((W41-70)/10*0.035)))*IF(U41="DOME",1,IF(U41="IN",1-(V41*0.01),IF(U41="OUT",1+(V41*0.01),IF(OR(U41="L-R",U41="R-L"),1+(V41*0.005),1)))) | U41: R-L | W41: 60 | Y41: =B41 & " vs. " & H41 | Z41: =TRIM(LEFT(Y41, FIND("vs.", Y41)-1)) | AA41: =TRIM(MID(Y41, FIND(" vs. ", Y41)+4, 100)) | AB41: =IF(Q41 > VALUE(AC41), "O " & AC41, IF(Q41 < VALUE(AC41), "U " & AC41, AC41)) | AC41: =IF(OR(O41="-", P41="-"), "-", MROUND(O41 + P41, 0.5)) | AD41: =VALUE(TRIM(RIGHT(AF41, LEN(AF41) - FIND(" ", AF41)))) | AE41: =LEFT(AF41,FIND(" ",AF41)-1) | AF41: =IF(OR(O41="-", P41="-"), "-", IF(MROUND(ABS(O41-P41),0.5)<=0.5, IF(O41>P41, B41 & " ML", H41 & " ML"), IF(MROUND(ABS(O41-P41),0.5)=1, IF(O41>P41, H41 & " +1.5", B41 & " +1.5"), IF(O41>P41, B41 & " -1.5", H41 & " -1.5") ) ) ) | AG41: =_xlfn.LET( _xlpm.winA, O41^1.83 / (O41^1.83 + P41^1.83), _xlpm.winB, 1 - _xlpm.winA, _xlpm.oddsA, IF(_xlpm.winA >= 0.5, "-" & ROUND(_xlpm.winA / (1 - _xlpm.winA) * 100, 0), "+" & ROUND((1 - _xlpm.winA) / _xlpm.winA * 100, 0)), _xlpm.oddsB, IF(_xlpm.winB >= 0.5, "-" & ROUND(_xlpm.winB / (1 - _xlpm.winB) * 100, 0), "+" & ROUND((1 - _xlpm.winB) / _xlpm.winB * 100, 0)), _xlpm.oddsA & " / " & _xlpm.oddsB)
A42: 46110 | B42: PIRATES | C42: =VLOOKUP(B42, 'MLB Data'!$B$5:$D$34, 3, FALSE) | D42: MLODZINSKI | E42: 4.26 | F42: =VLOOKUP(B42, 'MLB Data'!$F$2:$H$34, 3, FALSE) | G42: =IF((E42*0.6+F42*0.4)<2.5, 2.8, IF((E42*0.6+F42*0.4)>5.5, 5.2, (E42*0.6+F42*0.4))) | H42: METS | I42: =VLOOKUP(H42, 'MLB Data'!$B$5:$D$34, 3, FALSE) | J42: MCLEAN | K42: 2.78 | L42: =VLOOKUP(H42, 'MLB Data'!$F$2:$H$34, 3, FALSE) | M42: =IF((K42*0.6+L42*0.4)<2.5, 2.8, IF((K42*0.6+L42*0.4)>5.5, 5.2, (K42*0.6+L42*0.4))) | O42: =(C42/100) * 4.45 * (M42 / 4.2) * T42 | P42: =(I42/100) * 4.45 * (G42 / 4.2) * T42 | Q42: =(O42+P42) | S42: =H42 | T42: =IF(S42="ROCKIES",1.13,IF(S42="ATHLETICS",1.03,IF(S42="ROYALS",1.03,IF(S42="TWINS",1,IF(S42="TIGERS",1,IF(S42="MARLINS",1.01,IF(S42="REDS",1.05,IF(S42="RED SOX",1.04,IF(S42="YANKEES",1.02,IF(S42="DODGERS",0.99,IF(S42="PADRES",0.96,IF(S42="CUBS",0.98,IF(S42="GIANTS",0.97,IF(S42="MARINERS",0.94,IF(S42="RANGERS",1,IF(S42="ASTROS",0.99,IF(S42="BRAVES",1,IF(S42="METS",0.96,IF(S42="PHILLIES",1.02,IF(S42="BLUE JAYS",1.01,IF(S42="ORIOLES",0.99,IF(S42="RAYS",1.01,IF(S42="GUARDIANS",0.99,IF(S42="WHITE SOX",0.98,IF(S42="ANGELS",1.01,IF(S42="D-BACKS",1.01,IF(S42="BREWERS",0.99,IF(S42="CARDINALS",0.96,IF(S42="PIRATES",1.02,IF(S42="NATIONALS",1,1))))))))))))))))))))))))))))))*IF(W42="",1,(1+((W42-70)/10*0.035)))*IF(U42="DOME",1,IF(U42="IN",1-(V42*0.01),IF(U42="OUT",1+(V42*0.01),IF(OR(U42="L-R",U42="R-L"),1+(V42*0.005),1)))) | U42: R-L | W42: 49 | Y42: =B42 & " vs. " & H42 | Z42: =TRIM(LEFT(Y42, FIND("vs.", Y42)-1)) | AA42: =TRIM(MID(Y42, FIND(" vs. ", Y42)+4, 100)) | AB42: =IF(Q42 > VALUE(AC42), "O " & AC42, IF(Q42 < VALUE(AC42), "U " & AC42, AC42)) | AC42: =IF(OR(O42="-", P42="-"), "-", MROUND(O42 + P42, 0.5)) | AD42: =VALUE(TRIM(RIGHT(AF42, LEN(AF42) - FIND(" ", AF42)))) | AE42: =LEFT(AF42,FIND(" ",AF42)-1) | AF42: =IF(OR(O42="-", P42="-"), "-", IF(MROUND(ABS(O42-P42),0.5)<=0.5, IF(O42>P42, B42 & " ML", H42 & " ML"), IF(MROUND(ABS(O42-P42),0.5)=1, IF(O42>P42, H42 & " +1.5", B42 & " +1.5"), IF(O42>P42, B42 & " -1.5", H42 & " -1.5") ) ) ) | AG42: =_xlfn.LET( _xlpm.winA, O42^1.83 / (O42^1.83 + P42^1.83), _xlpm.winB, 1 - _xlpm.winA, _xlpm.oddsA, IF(_xlpm.winA >= 0.5, "-" & ROUND(_xlpm.winA / (1 - _xlpm.winA) * 100, 0), "+" & ROUND((1 - _xlpm.winA) / _xlpm.winA * 100, 0)), _xlpm.oddsB, IF(_xlpm.winB >= 0.5, "-" & ROUND(_xlpm.winB / (1 - _xlpm.winB) * 100, 0), "+" & ROUND((1 - _xlpm.winB) / _xlpm.winB * 100, 0)), _xlpm.oddsA & " / " & _xlpm.oddsB)
A43: 46110 | B43: ROCKIES | C43: =VLOOKUP(B43, 'MLB Data'!$B$5:$D$34, 3, FALSE) | D43: QUINTANA | E43: 4.92 | F43: =VLOOKUP(B43, 'MLB Data'!$F$2:$H$34, 3, FALSE) | G43: =IF((E43*0.6+F43*0.4)<2.5, 2.8, IF((E43*0.6+F43*0.4)>5.5, 5.2, (E43*0.6+F43*0.4))) | H43: MARLINS | I43: =VLOOKUP(H43, 'MLB Data'!$B$5:$D$34, 3, FALSE) | J43: MEYER | K43: 3.51 | L43: =VLOOKUP(H43, 'MLB Data'!$F$2:$H$34, 3, FALSE) | M43: =IF((K43*0.6+L43*0.4)<2.5, 2.8, IF((K43*0.6+L43*0.4)>5.5, 5.2, (K43*0.6+L43*0.4))) | O43: =(C43/100) * 4.45 * (M43 / 4.2) * T43 | P43: =(I43/100) * 4.45 * (G43 / 4.2) * T43 | Q43: =(O43+P43) | S43: =H43 | T43: =IF(S43="ROCKIES",1.13,IF(S43="ATHLETICS",1.03,IF(S43="ROYALS",1.03,IF(S43="TWINS",1,IF(S43="TIGERS",1,IF(S43="MARLINS",1.01,IF(S43="REDS",1.05,IF(S43="RED SOX",1.04,IF(S43="YANKEES",1.02,IF(S43="DODGERS",0.99,IF(S43="PADRES",0.96,IF(S43="CUBS",0.98,IF(S43="GIANTS",0.97,IF(S43="MARINERS",0.94,IF(S43="RANGERS",1,IF(S43="ASTROS",0.99,IF(S43="BRAVES",1,IF(S43="METS",0.96,IF(S43="PHILLIES",1.02,IF(S43="BLUE JAYS",1.01,IF(S43="ORIOLES",0.99,IF(S43="RAYS",1.01,IF(S43="GUARDIANS",0.99,IF(S43="WHITE SOX",0.98,IF(S43="ANGELS",1.01,IF(S43="D-BACKS",1.01,IF(S43="BREWERS",0.99,IF(S43="CARDINALS",0.96,IF(S43="PIRATES",1.02,IF(S43="NATIONALS",1,1))))))))))))))))))))))))))))))*IF(W43="",1,(1+((W43-70)/10*0.035)))*IF(U43="DOME",1,IF(U43="IN",1-(V43*0.01),IF(U43="OUT",1+(V43*0.01),IF(OR(U43="L-R",U43="R-L"),1+(V43*0.005),1)))) | U43: DOME | Y43: =B43 & " vs. " & H43 | Z43: =TRIM(LEFT(Y43, FIND("vs.", Y43)-1)) | AA43: =TRIM(MID(Y43, FIND(" vs. ", Y43)+4, 100)) | AB43: =IF(Q43 > VALUE(AC43), "O " & AC43, IF(Q43 < VALUE(AC43), "U " & AC43, AC43)) | AC43: =IF(OR(O43="-", P43="-"), "-", MROUND(O43 + P43, 0.5)) | AD43: =VALUE(TRIM(RIGHT(AF43, LEN(AF43) - FIND(" ", AF43)))) | AE43: =LEFT(AF43,FIND(" ",AF43)-1) | AF43: =IF(OR(O43="-", P43="-"), "-", IF(MROUND(ABS(O43-P43),0.5)<=0.5, IF(O43>P43, B43 & " ML", H43 & " ML"), IF(MROUND(ABS(O43-P43),0.5)=1, IF(O43>P43, H43 & " +1.5", B43 & " +1.5"), IF(O43>P43, B43 & " -1.5", H43 & " -1.5") ) ) ) | AG43: =_xlfn.LET( _xlpm.winA, O43^1.83 / (O43^1.83 + P43^1.83), _xlpm.winB, 1 - _xlpm.winA, _xlpm.oddsA, IF(_xlpm.winA >= 0.5, "-" & ROUND(_xlpm.winA / (1 - _xlpm.winA) * 100, 0), "+" & ROUND((1 - _xlpm.winA) / _xlpm.winA * 100, 0)), _xlpm.oddsB, IF(_xlpm.winB >= 0.5, "-" & ROUND(_xlpm.winB / (1 - _xlpm.winB) * 100, 0), "+" & ROUND((1 - _xlpm.winB) / _xlpm.winB * 100, 0)), _xlpm.oddsA & " / " & _xlpm.oddsB)
A44: 46110 | B44: ANGELS | C44: =VLOOKUP(B44, 'MLB Data'!$B$5:$D$34, 3, FALSE) | D44: KOCHANOWICZ | E44: 5.18 | F44: =VLOOKUP(B44, 'MLB Data'!$F$2:$H$34, 3, FALSE) | G44: =IF((E44*0.6+F44*0.4)<2.5, 2.8, IF((E44*0.6+F44*0.4)>5.5, 5.2, (E44*0.6+F44*0.4))) | H44: ASTROS | I44: =VLOOKUP(H44, 'MLB Data'!$B$5:$D$34, 3, FALSE) | J44: IMAI | K44: 2.26 | L44: =VLOOKUP(H44, 'MLB Data'!$F$2:$H$34, 3, FALSE) | M44: =IF((K44*0.6+L44*0.4)<2.5, 2.8, IF((K44*0.6+L44*0.4)>5.5, 5.2, (K44*0.6+L44*0.4))) | O44: =(C44/100) * 4.45 * (M44 / 4.2) * T44 | P44: =(I44/100) * 4.45 * (G44 / 4.2) * T44 | Q44: =(O44+P44) | S44: =H44 | T44: =IF(S44="ROCKIES",1.13,IF(S44="ATHLETICS",1.03,IF(S44="ROYALS",1.03,IF(S44="TWINS",1,IF(S44="TIGERS",1,IF(S44="MARLINS",1.01,IF(S44="REDS",1.05,IF(S44="RED SOX",1.04,IF(S44="YANKEES",1.02,IF(S44="DODGERS",0.99,IF(S44="PADRES",0.96,IF(S44="CUBS",0.98,IF(S44="GIANTS",0.97,IF(S44="MARINERS",0.94,IF(S44="RANGERS",1,IF(S44="ASTROS",0.99,IF(S44="BRAVES",1,IF(S44="METS",0.96,IF(S44="PHILLIES",1.02,IF(S44="BLUE JAYS",1.01,IF(S44="ORIOLES",0.99,IF(S44="RAYS",1.01,IF(S44="GUARDIANS",0.99,IF(S44="WHITE SOX",0.98,IF(S44="ANGELS",1.01,IF(S44="D-BACKS",1.01,IF(S44="BREWERS",0.99,IF(S44="CARDINALS",0.96,IF(S44="PIRATES",1.02,IF(S44="NATIONALS",1,1))))))))))))))))))))))))))))))*IF(W44="",1,(1+((W44-70)/10*0.035)))*IF(U44="DOME",1,IF(U44="IN",1-(V44*0.01),IF(U44="OUT",1+(V44*0.01),IF(OR(U44="L-R",U44="R-L"),1+(V44*0.005),1)))) | U44: DOME | Y44: =B44 & " vs. " & H44 | Z44: =TRIM(LEFT(Y44, FIND("vs.", Y44)-1)) | AA44: =TRIM(MID(Y44, FIND(" vs. ", Y44)+4, 100)) | AB44: =IF(Q44 > VALUE(AC44), "O " & AC44, IF(Q44 < VALUE(AC44), "U " & AC44, AC44)) | AC44: =IF(OR(O44="-", P44="-"), "-", MROUND(O44 + P44, 0.5)) | AD44: =VALUE(TRIM(RIGHT(AF44, LEN(AF44) - FIND(" ", AF44)))) | AE44: =LEFT(AF44,FIND(" ",AF44)-1) | AF44: =IF(OR(O44="-", P44="-"), "-", IF(MROUND(ABS(O44-P44),0.5)<=0.5, IF(O44>P44, B44 & " ML", H44 & " ML"), IF(MROUND(ABS(O44-P44),0.5)=1, IF(O44>P44, H44 & " +1.5", B44 & " +1.5"), IF(O44>P44, B44 & " -1.5", H44 & " -1.5") ) ) ) | AG44: =_xlfn.LET( _xlpm.winA, O44^1.83 / (O44^1.83 + P44^1.83), _xlpm.winB, 1 - _xlpm.winA, _xlpm.oddsA, IF(_xlpm.winA >= 0.5, "-" & ROUND(_xlpm.winA / (1 - _xlpm.winA) * 100, 0), "+" & ROUND((1 - _xlpm.winA) / _xlpm.winA * 100, 0)), _xlpm.oddsB, IF(_xlpm.winB >= 0.5, "-" & ROUND(_xlpm.winB / (1 - _xlpm.winB) * 100, 0), "+" & ROUND((1 - _xlpm.winB) / _xlpm.winB * 100, 0)), _xlpm.oddsA & " / " & _xlpm.oddsB)
A45: 46110 | B45: WHITE SOX | C45: =VLOOKUP(B45, 'MLB Data'!$B$5:$D$34, 3, FALSE) | D45: KAY | E45: 2.53 | F45: =VLOOKUP(B45, 'MLB Data'!$F$2:$H$34, 3, FALSE) | G45: =IF((E45*0.6+F45*0.4)<2.5, 2.8, IF((E45*0.6+F45*0.4)>5.5, 5.2, (E45*0.6+F45*0.4))) | H45: BREWERS | I45: =VLOOKUP(H45, 'MLB Data'!$B$5:$D$34, 3, FALSE) | J45: SPROAT | K45: 3.84 | L45: =VLOOKUP(H45, 'MLB Data'!$F$2:$H$34, 3, FALSE) | M45: =IF((K45*0.6+L45*0.4)<2.5, 2.8, IF((K45*0.6+L45*0.4)>5.5, 5.2, (K45*0.6+L45*0.4))) | O45: =(C45/100) * 4.45 * (M45 / 4.2) * T45 | P45: =(I45/100) * 4.45 * (G45 / 4.2) * T45 | Q45: =(O45+P45) | S45: =H45 | T45: =IF(S45="ROCKIES",1.13,IF(S45="ATHLETICS",1.03,IF(S45="ROYALS",1.03,IF(S45="TWINS",1,IF(S45="TIGERS",1,IF(S45="MARLINS",1.01,IF(S45="REDS",1.05,IF(S45="RED SOX",1.04,IF(S45="YANKEES",1.02,IF(S45="DODGERS",0.99,IF(S45="PADRES",0.96,IF(S45="CUBS",0.98,IF(S45="GIANTS",0.97,IF(S45="MARINERS",0.94,IF(S45="RANGERS",1,IF(S45="ASTROS",0.99,IF(S45="BRAVES",1,IF(S45="METS",0.96,IF(S45="PHILLIES",1.02,IF(S45="BLUE JAYS",1.01,IF(S45="ORIOLES",0.99,IF(S45="RAYS",1.01,IF(S45="GUARDIANS",0.99,IF(S45="WHITE SOX",0.98,IF(S45="ANGELS",1.01,IF(S45="D-BACKS",1.01,IF(S45="BREWERS",0.99,IF(S45="CARDINALS",0.96,IF(S45="PIRATES",1.02,IF(S45="NATIONALS",1,1))))))))))))))))))))))))))))))*IF(W45="",1,(1+((W45-70)/10*0.035)))*IF(U45="DOME",1,IF(U45="IN",1-(V45*0.01),IF(U45="OUT",1+(V45*0.01),IF(OR(U45="L-R",U45="R-L"),1+(V45*0.005),1)))) | U45: DOME | Y45: =B45 & " vs. " & H45 | Z45: =TRIM(LEFT(Y45, FIND("vs.", Y45)-1)) | AA45: =TRIM(MID(Y45, FIND(" vs. ", Y45)+4, 100)) | AB45: =IF(Q45 > VALUE(AC45), "O " & AC45, IF(Q45 < VALUE(AC45), "U " & AC45, AC45)) | AC45: =IF(OR(O45="-", P45="-"), "-", MROUND(O45 + P45, 0.5)) | AD45: =VALUE(TRIM(RIGHT(AF45, LEN(AF45) - FIND(" ", AF45)))) | AE45: =LEFT(AF45,FIND(" ",AF45)-1) | AF45: =IF(OR(O45="-", P45="-"), "-", IF(MROUND(ABS(O45-P45),0.5)<=0.5, IF(O45>P45, B45 & " ML", H45 & " ML"), IF(MROUND(ABS(O45-P45),0.5)=1, IF(O45>P45, H45 & " +1.5", B45 & " +1.5"), IF(O45>P45, B45 & " -1.5", H45 & " -1.5") ) ) ) | AG45: =_xlfn.LET( _xlpm.winA, O45^1.83 / (O45^1.83 + P45^1.83), _xlpm.winB, 1 - _xlpm.winA, _xlpm.oddsA, IF(_xlpm.winA >= 0.5, "-" & ROUND(_xlpm.winA / (1 - _xlpm.winA) * 100, 0), "+" & ROUND((1 - _xlpm.winA) / _xlpm.winA * 100, 0)), _xlpm.oddsB, IF(_xlpm.winB >= 0.5, "-" & ROUND(_xlpm.winB / (1 - _xlpm.winB) * 100, 0), "+" & ROUND((1 - _xlpm.winB) / _xlpm.winB * 100, 0)), _xlpm.oddsA & " / " & _xlpm.oddsB)
A46: 46110 | B46: RAYS | C46: =VLOOKUP(B46, 'MLB Data'!$B$5:$D$34, 3, FALSE) | D46: MATZ | E46: 1.89 | F46: =VLOOKUP(B46, 'MLB Data'!$F$2:$H$34, 3, FALSE) | G46: =IF((E46*0.6+F46*0.4)<2.5, 2.8, IF((E46*0.6+F46*0.4)>5.5, 5.2, (E46*0.6+F46*0.4))) | H46: CARDINALS | I46: =VLOOKUP(H46, 'MLB Data'!$B$5:$D$34, 3, FALSE) | J46: MAY | K46: 4.49 | L46: =VLOOKUP(H46, 'MLB Data'!$F$2:$H$34, 3, FALSE) | M46: =IF((K46*0.6+L46*0.4)<2.5, 2.8, IF((K46*0.6+L46*0.4)>5.5, 5.2, (K46*0.6+L46*0.4))) | O46: =(C46/100) * 4.45 * (M46 / 4.2) * T46 | P46: =(I46/100) * 4.45 * (G46 / 4.2) * T46 | Q46: =(O46+P46) | S46: =H46 | T46: =IF(S46="ROCKIES",1.13,IF(S46="ATHLETICS",1.03,IF(S46="ROYALS",1.03,IF(S46="TWINS",1,IF(S46="TIGERS",1,IF(S46="MARLINS",1.01,IF(S46="REDS",1.05,IF(S46="RED SOX",1.04,IF(S46="YANKEES",1.02,IF(S46="DODGERS",0.99,IF(S46="PADRES",0.96,IF(S46="CUBS",0.98,IF(S46="GIANTS",0.97,IF(S46="MARINERS",0.94,IF(S46="RANGERS",1,IF(S46="ASTROS",0.99,IF(S46="BRAVES",1,IF(S46="METS",0.96,IF(S46="PHILLIES",1.02,IF(S46="BLUE JAYS",1.01,IF(S46="ORIOLES",0.99,IF(S46="RAYS",1.01,IF(S46="GUARDIANS",0.99,IF(S46="WHITE SOX",0.98,IF(S46="ANGELS",1.01,IF(S46="D-BACKS",1.01,IF(S46="BREWERS",0.99,IF(S46="CARDINALS",0.96,IF(S46="PIRATES",1.02,IF(S46="NATIONALS",1,1))))))))))))))))))))))))))))))*IF(W46="",1,(1+((W46-70)/10*0.035)))*IF(U46="DOME",1,IF(U46="IN",1-(V46*0.01),IF(U46="OUT",1+(V46*0.01),IF(OR(U46="L-R",U46="R-L"),1+(V46*0.005),1)))) | U46: OUT | W46: 67 | Y46: =B46 & " vs. " & H46 | Z46: =TRIM(LEFT(Y46, FIND("vs.", Y46)-1)) | AA46: =TRIM(MID(Y46, FIND(" vs. ", Y46)+4, 100)) | AB46: =IF(Q46 > VALUE(AC46), "O " & AC46, IF(Q46 < VALUE(AC46), "U " & AC46, AC46)) | AC46: =IF(OR(O46="-", P46="-"), "-", MROUND(O46 + P46, 0.5)) | AD46: =VALUE(TRIM(RIGHT(AF46, LEN(AF46) - FIND(" ", AF46)))) | AE46: =LEFT(AF46,FIND(" ",AF46)-1) | AF46: =IF(OR(O46="-", P46="-"), "-", IF(MROUND(ABS(O46-P46),0.5)<=0.5, IF(O46>P46, B46 & " ML", H46 & " ML"), IF(MROUND(ABS(O46-P46),0.5)=1, IF(O46>P46, H46 & " +1.5", B46 & " +1.5"), IF(O46>P46, B46 & " -1.5", H46 & " -1.5") ) ) ) | AG46: =_xlfn.LET( _xlpm.winA, O46^1.83 / (O46^1.83 + P46^1.83), _xlpm.winB, 1 - _xlpm.winA, _xlpm.oddsA, IF(_xlpm.winA >= 0.5, "-" & ROUND(_xlpm.winA / (1 - _xlpm.winA) * 100, 0), "+" & ROUND((1 - _xlpm.winA) / _xlpm.winA * 100, 0)), _xlpm.oddsB, IF(_xlpm.winB >= 0.5, "-" & ROUND(_xlpm.winB / (1 - _xlpm.winB) * 100, 0), "+" & ROUND((1 - _xlpm.winB) / _xlpm.winB * 100, 0)), _xlpm.oddsA & " / " & _xlpm.oddsB)
A47: 46110 | B47: NATIONALS | C47: =VLOOKUP(B47, 'MLB Data'!$B$5:$D$34, 3, FALSE) | D47: IRVIN | E47: 4.82 | F47: =VLOOKUP(B47, 'MLB Data'!$F$2:$H$34, 3, FALSE) | G47: =IF((E47*0.6+F47*0.4)<2.5, 2.8, IF((E47*0.6+F47*0.4)>5.5, 5.2, (E47*0.6+F47*0.4))) | H47: CUBS | I47: =VLOOKUP(H47, 'MLB Data'!$B$5:$D$34, 3, FALSE) | J47: IMANAGA | K47: 4.51 | L47: =VLOOKUP(H47, 'MLB Data'!$F$2:$H$34, 3, FALSE) | M47: =IF((K47*0.6+L47*0.4)<2.5, 2.8, IF((K47*0.6+L47*0.4)>5.5, 5.2, (K47*0.6+L47*0.4))) | O47: =(C47/100) * 4.45 * (M47 / 4.2) * T47 | P47: =(I47/100) * 4.45 * (G47 / 4.2) * T47 | Q47: =(O47+P47) | S47: =H47 | T47: =IF(S47="ROCKIES",1.13,IF(S47="ATHLETICS",1.03,IF(S47="ROYALS",1.03,IF(S47="TWINS",1,IF(S47="TIGERS",1,IF(S47="MARLINS",1.01,IF(S47="REDS",1.05,IF(S47="RED SOX",1.04,IF(S47="YANKEES",1.02,IF(S47="DODGERS",0.99,IF(S47="PADRES",0.96,IF(S47="CUBS",0.98,IF(S47="GIANTS",0.97,IF(S47="MARINERS",0.94,IF(S47="RANGERS",1,IF(S47="ASTROS",0.99,IF(S47="BRAVES",1,IF(S47="METS",0.96,IF(S47="PHILLIES",1.02,IF(S47="BLUE JAYS",1.01,IF(S47="ORIOLES",0.99,IF(S47="RAYS",1.01,IF(S47="GUARDIANS",0.99,IF(S47="WHITE SOX",0.98,IF(S47="ANGELS",1.01,IF(S47="D-BACKS",1.01,IF(S47="BREWERS",0.99,IF(S47="CARDINALS",0.96,IF(S47="PIRATES",1.02,IF(S47="NATIONALS",1,1))))))))))))))))))))))))))))))*IF(W47="",1,(1+((W47-70)/10*0.035)))*IF(U47="DOME",1,IF(U47="IN",1-(V47*0.01),IF(U47="OUT",1+(V47*0.01),IF(OR(U47="L-R",U47="R-L"),1+(V47*0.005),1)))) | U47: OUT | W47: 15 | Y47: =B47 & " vs. " & H47 | Z47: =TRIM(LEFT(Y47, FIND("vs.", Y47)-1)) | AA47: =TRIM(MID(Y47, FIND(" vs. ", Y47)+4, 100)) | AB47: =IF(Q47 > VALUE(AC47), "O " & AC47, IF(Q47 < VALUE(AC47), "U " & AC47, AC47)) | AC47: =IF(OR(O47="-", P47="-"), "-", MROUND(O47 + P47, 0.5)) | AD47: =VALUE(TRIM(RIGHT(AF47, LEN(AF47) - FIND(" ", AF47)))) | AE47: =LEFT(AF47,FIND(" ",AF47)-1) | AF47: =IF(OR(O47="-", P47="-"), "-", IF(MROUND(ABS(O47-P47),0.5)<=0.5, IF(O47>P47, B47 & " ML", H47 & " ML"), IF(MROUND(ABS(O47-P47),0.5)=1, IF(O47>P47, H47 & " +1.5", B47 & " +1.5"), IF(O47>P47, B47 & " -1.5", H47 & " -1.5") ) ) ) | AG47: =_xlfn.LET( _xlpm.winA, O47^1.83 / (O47^1.83 + P47^1.83), _xlpm.winB, 1 - _xlpm.winA, _xlpm.oddsA, IF(_xlpm.winA >= 0.5, "-" & ROUND(_xlpm.winA / (1 - _xlpm.winA) * 100, 0), "+" & ROUND((1 - _xlpm.winA) / _xlpm.winA * 100, 0)), _xlpm.oddsB, IF(_xlpm.winB >= 0.5, "-" & ROUND(_xlpm.winB / (1 - _xlpm.winB) * 100, 0), "+" & ROUND((1 - _xlpm.winB) / _xlpm.winB * 100, 0)), _xlpm.oddsA & " / " & _xlpm.oddsB)
A48: 46110 | B48: GUARDIANS | C48: =VLOOKUP(B48, 'MLB Data'!$B$5:$D$34, 3, FALSE) | D48: CECCONI | E48: 4.09 | F48: =VLOOKUP(B48, 'MLB Data'!$F$2:$H$34, 3, FALSE) | G48: =IF((E48*0.6+F48*0.4)<2.5, 2.8, IF((E48*0.6+F48*0.4)>5.5, 5.2, (E48*0.6+F48*0.4))) | H48: MARINERS | I48: =VLOOKUP(H48, 'MLB Data'!$B$5:$D$34, 3, FALSE) | J48: HANCOCK | K48: 4.69 | L48: =VLOOKUP(H48, 'MLB Data'!$F$2:$H$34, 3, FALSE) | M48: =IF((K48*0.6+L48*0.4)<2.5, 2.8, IF((K48*0.6+L48*0.4)>5.5, 5.2, (K48*0.6+L48*0.4))) | O48: =(C48/100) * 4.45 * (M48 / 4.2) * T48 | P48: =(I48/100) * 4.45 * (G48 / 4.2) * T48 | Q48: =(O48+P48) | S48: =H48 | T48: =IF(S48="ROCKIES",1.13,IF(S48="ATHLETICS",1.03,IF(S48="ROYALS",1.03,IF(S48="TWINS",1,IF(S48="TIGERS",1,IF(S48="MARLINS",1.01,IF(S48="REDS",1.05,IF(S48="RED SOX",1.04,IF(S48="YANKEES",1.02,IF(S48="DODGERS",0.99,IF(S48="PADRES",0.96,IF(S48="CUBS",0.98,IF(S48="GIANTS",0.97,IF(S48="MARINERS",0.94,IF(S48="RANGERS",1,IF(S48="ASTROS",0.99,IF(S48="BRAVES",1,IF(S48="METS",0.96,IF(S48="PHILLIES",1.02,IF(S48="BLUE JAYS",1.01,IF(S48="ORIOLES",0.99,IF(S48="RAYS",1.01,IF(S48="GUARDIANS",0.99,IF(S48="WHITE SOX",0.98,IF(S48="ANGELS",1.01,IF(S48="D-BACKS",1.01,IF(S48="BREWERS",0.99,IF(S48="CARDINALS",0.96,IF(S48="PIRATES",1.02,IF(S48="NATIONALS",1,1))))))))))))))))))))))))))))))*IF(W48="",1,(1+((W48-70)/10*0.035)))*IF(U48="DOME",1,IF(U48="IN",1-(V48*0.01),IF(U48="OUT",1+(V48*0.01),IF(OR(U48="L-R",U48="R-L"),1+(V48*0.005),1)))) | Y48: =B48 & " vs. " & H48 | Z48: =TRIM(LEFT(Y48, FIND("vs.", Y48)-1)) | AA48: =TRIM(MID(Y48, FIND(" vs. ", Y48)+4, 100)) | AB48: =IF(Q48 > VALUE(AC48), "O " & AC48, IF(Q48 < VALUE(AC48), "U " & AC48, AC48)) | AC48: =IF(OR(O48="-", P48="-"), "-", MROUND(O48 + P48, 0.5)) | AD48: =VALUE(TRIM(RIGHT(AF48, LEN(AF48) - FIND(" ", AF48)))) | AE48: =LEFT(AF48,FIND(" ",AF48)-1) | AF48: =IF(OR(O48="-", P48="-"), "-", IF(MROUND(ABS(O48-P48),0.5)<=0.5, IF(O48>P48, B48 & " ML", H48 & " ML"), IF(MROUND(ABS(O48-P48),0.5)=1, IF(O48>P48, H48 & " +1.5", B48 & " +1.5"), IF(O48>P48, B48 & " -1.5", H48 & " -1.5") ) ) ) | AG48: =_xlfn.LET( _xlpm.winA, O48^1.83 / (O48^1.83 + P48^1.83), _xlpm.winB, 1 - _xlpm.winA, _xlpm.oddsA, IF(_xlpm.winA >= 0.5, "-" & ROUND(_xlpm.winA / (1 - _xlpm.winA) * 100, 0), "+" & ROUND((1 - _xlpm.winA) / _xlpm.winA * 100, 0)), _xlpm.oddsB, IF(_xlpm.winB >= 0.5, "-" & ROUND(_xlpm.winB / (1 - _xlpm.winB) * 100, 0), "+" & ROUND((1 - _xlpm.winB) / _xlpm.winB * 100, 0)), _xlpm.oddsA & " / " & _xlpm.oddsB)
A49: 46111 | B49: TWINS | C49: =VLOOKUP(B49, 'MLB Data'!$B$5:$D$34, 3, FALSE) | D49: WOODS-R | E49: 4.66 | F49: =VLOOKUP(B49, 'MLB Data'!$F$2:$H$34, 3, FALSE) | G49: =IF((E49*0.6+F49*0.4)<2.5, 2.8, IF((E49*0.6+F49*0.4)>5.5, 5.2, (E49*0.6+F49*0.4))) | H49: ROYALS | I49: =VLOOKUP(H49, 'MLB Data'!$B$5:$D$34, 3, FALSE) | J49: BUBIC | K49: 3.63 | L49: =VLOOKUP(H49, 'MLB Data'!$F$2:$H$34, 3, FALSE) | M49: =IF((K49*0.6+L49*0.4)<2.5, 2.8, IF((K49*0.6+L49*0.4)>5.5, 5.2, (K49*0.6+L49*0.4))) | O49: =(C49/100) * 4.45 * (M49 / 4.2) * T49 | P49: =(I49/100) * 4.45 * (G49 / 4.2) * T49 | Q49: =(O49+P49) | S49: =H49 | T49: =IF(S49="ROCKIES",1.13,IF(S49="ATHLETICS",1.03,IF(S49="ROYALS",1.03,IF(S49="TWINS",1,IF(S49="TIGERS",1,IF(S49="MARLINS",1.01,IF(S49="REDS",1.05,IF(S49="RED SOX",1.04,IF(S49="YANKEES",1.02,IF(S49="DODGERS",0.99,IF(S49="PADRES",0.96,IF(S49="CUBS",0.98,IF(S49="GIANTS",0.97,IF(S49="MARINERS",0.94,IF(S49="RANGERS",1,IF(S49="ASTROS",0.99,IF(S49="BRAVES",1,IF(S49="METS",0.96,IF(S49="PHILLIES",1.02,IF(S49="BLUE JAYS",1.01,IF(S49="ORIOLES",0.99,IF(S49="RAYS",1.01,IF(S49="GUARDIANS",0.99,IF(S49="WHITE SOX",0.98,IF(S49="ANGELS",1.01,IF(S49="D-BACKS",1.01,IF(S49="BREWERS",0.99,IF(S49="CARDINALS",0.96,IF(S49="PIRATES",1.02,IF(S49="NATIONALS",1,1))))))))))))))))))))))))))))))*IF(W49="",1,(1+((W49-70)/10*0.035)))*IF(U49="DOME",1,IF(U49="IN",1-(V49*0.01),IF(U49="OUT",1+(V49*0.01),IF(OR(U49="L-R",U49="R-L"),1+(V49*0.005),1)))) | U49: OUT | W49: 85 | Y49: =B49 & " vs. " & H49 | Z49: =TRIM(LEFT(Y49, FIND("vs.", Y49)-1)) | AA49: =TRIM(MID(Y49, FIND(" vs. ", Y49)+4, 100)) | AB49: =IF(Q49 > VALUE(AC49), "O " & AC49, IF(Q49 < VALUE(AC49), "U " & AC49, AC49)) | AC49: =IF(OR(O49="-", P49="-"), "-", MROUND(O49 + P49, 0.5)) | AD49: =VALUE(TRIM(RIGHT(AF49, LEN(AF49) - FIND(" ", AF49)))) | AE49: =LEFT(AF49,FIND(" ",AF49)-1) | AF49: =IF(OR(O49="-", P49="-"), "-", IF(MROUND(ABS(O49-P49),0.5)<=0.5, IF(O49>P49, B49 & " ML", H49 & " ML"), IF(MROUND(ABS(O49-P49),0.5)=1, IF(O49>P49, H49 & " +1.5", B49 & " +1.5"), IF(O49>P49, B49 & " -1.5", H49 & " -1.5") ) ) ) | AG49: =_xlfn.LET( _xlpm.winA, O49^1.83 / (O49^1.83 + P49^1.83), _xlpm.winB, 1 - _xlpm.winA, _xlpm.oddsA, IF(_xlpm.winA >= 0.5, "-" & ROUND(_xlpm.winA / (1 - _xlpm.winA) * 100, 0), "+" & ROUND((1 - _xlpm.winA) / _xlpm.winA * 100, 0)), _xlpm.oddsB, IF(_xlpm.winB >= 0.5, "-" & ROUND(_xlpm.winB / (1 - _xlpm.winB) * 100, 0), "+" & ROUND((1 - _xlpm.winB) / _xlpm.winB * 100, 0)), _xlpm.oddsA & " / " & _xlpm.oddsB)
A50: 46111 | B50: RANGERS | C50: =VLOOKUP(B50, 'MLB Data'!$B$5:$D$34, 3, FALSE) | D50: LEITER | E50: 4.53 | F50: =VLOOKUP(B50, 'MLB Data'!$F$2:$H$34, 3, FALSE) | G50: =IF((E50*0.6+F50*0.4)<2.5, 2.8, IF((E50*0.6+F50*0.4)>5.5, 5.2, (E50*0.6+F50*0.4))) | H50: ORIOLES | I50: =VLOOKUP(H50, 'MLB Data'!$B$5:$D$34, 3, FALSE) | J50: BASSIT | K50: 3.86 | L50: =VLOOKUP(H50, 'MLB Data'!$F$2:$H$34, 3, FALSE) | M50: =IF((K50*0.6+L50*0.4)<2.5, 2.8, IF((K50*0.6+L50*0.4)>5.5, 5.2, (K50*0.6+L50*0.4))) | O50: =(C50/100) * 4.45 * (M50 / 4.2) * T50 | P50: =(I50/100) * 4.45 * (G50 / 4.2) * T50 | Q50: =(O50+P50) | S50: =H50 | T50: =IF(S50="ROCKIES",1.13,IF(S50="ATHLETICS",1.03,IF(S50="ROYALS",1.03,IF(S50="TWINS",1,IF(S50="TIGERS",1,IF(S50="MARLINS",1.01,IF(S50="REDS",1.05,IF(S50="RED SOX",1.04,IF(S50="YANKEES",1.02,IF(S50="DODGERS",0.99,IF(S50="PADRES",0.96,IF(S50="CUBS",0.98,IF(S50="GIANTS",0.97,IF(S50="MARINERS",0.94,IF(S50="RANGERS",1,IF(S50="ASTROS",0.99,IF(S50="BRAVES",1,IF(S50="METS",0.96,IF(S50="PHILLIES",1.02,IF(S50="BLUE JAYS",1.01,IF(S50="ORIOLES",0.99,IF(S50="RAYS",1.01,IF(S50="GUARDIANS",0.99,IF(S50="WHITE SOX",0.98,IF(S50="ANGELS",1.01,IF(S50="D-BACKS",1.01,IF(S50="BREWERS",0.99,IF(S50="CARDINALS",0.96,IF(S50="PIRATES",1.02,IF(S50="NATIONALS",1,1))))))))))))))))))))))))))))))*IF(W50="",1,(1+((W50-70)/10*0.035)))*IF(U50="DOME",1,IF(U50="IN",1-(V50*0.01),IF(U50="OUT",1+(V50*0.01),IF(OR(U50="L-R",U50="R-L"),1+(V50*0.005),1)))) | U50: OUT | W50: 68 | Y50: =B50 & " vs. " & H50 | Z50: =TRIM(LEFT(Y50, FIND("vs.", Y50)-1)) | AA50: =TRIM(MID(Y50, FIND(" vs. ", Y50)+4, 100)) | AB50: =IF(Q50 > VALUE(AC50), "O " & AC50, IF(Q50 < VALUE(AC50), "U " & AC50, AC50)) | AC50: =IF(OR(O50="-", P50="-"), "-", MROUND(O50 + P50, 0.5)) | AD50: =VALUE(TRIM(RIGHT(AF50, LEN(AF50) - FIND(" ", AF50)))) | AE50: =LEFT(AF50,FIND(" ",AF50)-1) | AF50: =IF(OR(O50="-", P50="-"), "-", IF(MROUND(ABS(O50-P50),0.5)<=0.5, IF(O50>P50, B50 & " ML", H50 & " ML"), IF(MROUND(ABS(O50-P50),0.5)=1, IF(O50>P50, H50 & " +1.5", B50 & " +1.5"), IF(O50>P50, B50 & " -1.5", H50 & " -1.5") ) ) ) | AG50: =_xlfn.LET( _xlpm.winA, O50^1.83 / (O50^1.83 + P50^1.83), _xlpm.winB, 1 - _xlpm.winA, _xlpm.oddsA, IF(_xlpm.winA >= 0.5, "-" & ROUND(_xlpm.winA / (1 - _xlpm.winA) * 100, 0), "+" & ROUND((1 - _xlpm.winA) / _xlpm.winA * 100, 0)), _xlpm.oddsB, IF(_xlpm.winB >= 0.5, "-" & ROUND(_xlpm.winB / (1 - _xlpm.winB) * 100, 0), "+" & ROUND((1 - _xlpm.winB) / _xlpm.winB * 100, 0)), _xlpm.oddsA & " / " & _xlpm.oddsB)
A51: 46111 | B51: PIRATES | C51: =VLOOKUP(B51, 'MLB Data'!$B$5:$D$34, 3, FALSE) | D51: ASHCRAFT | E51: 3.18 | F51: =VLOOKUP(B51, 'MLB Data'!$F$2:$H$34, 3, FALSE) | G51: =IF((E51*0.6+F51*0.4)<2.5, 2.8, IF((E51*0.6+F51*0.4)>5.5, 5.2, (E51*0.6+F51*0.4))) | H51: REDS | I51: =VLOOKUP(H51, 'MLB Data'!$B$5:$D$34, 3, FALSE) | J51: BURNS | K51: 2.34 | L51: =VLOOKUP(H51, 'MLB Data'!$F$2:$H$34, 3, FALSE) | M51: =IF((K51*0.6+L51*0.4)<2.5, 2.8, IF((K51*0.6+L51*0.4)>5.5, 5.2, (K51*0.6+L51*0.4))) | O51: =(C51/100) * 4.45 * (M51 / 4.2) * T51 | P51: =(I51/100) * 4.45 * (G51 / 4.2) * T51 | Q51: =(O51+P51) | S51: =H51 | T51: =IF(S51="ROCKIES",1.13,IF(S51="ATHLETICS",1.03,IF(S51="ROYALS",1.03,IF(S51="TWINS",1,IF(S51="TIGERS",1,IF(S51="MARLINS",1.01,IF(S51="REDS",1.05,IF(S51="RED SOX",1.04,IF(S51="YANKEES",1.02,IF(S51="DODGERS",0.99,IF(S51="PADRES",0.96,IF(S51="CUBS",0.98,IF(S51="GIANTS",0.97,IF(S51="MARINERS",0.94,IF(S51="RANGERS",1,IF(S51="ASTROS",0.99,IF(S51="BRAVES",1,IF(S51="METS",0.96,IF(S51="PHILLIES",1.02,IF(S51="BLUE JAYS",1.01,IF(S51="ORIOLES",0.99,IF(S51="RAYS",1.01,IF(S51="GUARDIANS",0.99,IF(S51="WHITE SOX",0.98,IF(S51="ANGELS",1.01,IF(S51="D-BACKS",1.01,IF(S51="BREWERS",0.99,IF(S51="CARDINALS",0.96,IF(S51="PIRATES",1.02,IF(S51="NATIONALS",1,1))))))))))))))))))))))))))))))*IF(W51="",1,(1+((W51-70)/10*0.035)))*IF(U51="DOME",1,IF(U51="IN",1-(V51*0.01),IF(U51="OUT",1+(V51*0.01),IF(OR(U51="L-R",U51="R-L"),1+(V51*0.005),1)))) | U51: R-L | W51: 74 | Y51: =B51 & " vs. " & H51 | Z51: =TRIM(LEFT(Y51, FIND("vs.", Y51)-1)) | AA51: =TRIM(MID(Y51, FIND(" vs. ", Y51)+4, 100)) | AB51: =IF(Q51 > VALUE(AC51), "O " & AC51, IF(Q51 < VALUE(AC51), "U " & AC51, AC51)) | AC51: =IF(OR(O51="-", P51="-"), "-", MROUND(O51 + P51, 0.5)) | AD51: =VALUE(TRIM(RIGHT(AF51, LEN(AF51) - FIND(" ", AF51)))) | AE51: =LEFT(AF51,FIND(" ",AF51)-1) | AF51: =IF(OR(O51="-", P51="-"), "-", IF(MROUND(ABS(O51-P51),0.5)<=0.5, IF(O51>P51, B51 & " ML", H51 & " ML"), IF(MROUND(ABS(O51-P51),0.5)=1, IF(O51>P51, H51 & " +1.5", B51 & " +1.5"), IF(O51>P51, B51 & " -1.5", H51 & " -1.5") ) ) ) | AG51: =_xlfn.LET( _xlpm.winA, O51^1.83 / (O51^1.83 + P51^1.83), _xlpm.winB, 1 - _xlpm.winA, _xlpm.oddsA, IF(_xlpm.winA >= 0.5, "-" & ROUND(_xlpm.winA / (1 - _xlpm.winA) * 100, 0), "+" & ROUND((1 - _xlpm.winA) / _xlpm.winA * 100, 0)), _xlpm.oddsB, IF(_xlpm.winB >= 0.5, "-" & ROUND(_xlpm.winB / (1 - _xlpm.winB) * 100, 0), "+" & ROUND((1 - _xlpm.winB) / _xlpm.winB * 100, 0)), _xlpm.oddsA & " / " & _xlpm.oddsB)
A52: 46111 | B52: NATIONALS | C52: =VLOOKUP(B52, 'MLB Data'!$B$5:$D$34, 3, FALSE) | D52: GRIFFIN | E52: 2.35 | F52: =VLOOKUP(B52, 'MLB Data'!$F$2:$H$34, 3, FALSE) | G52: =IF((E52*0.6+F52*0.4)<2.5, 2.8, IF((E52*0.6+F52*0.4)>5.5, 5.2, (E52*0.6+F52*0.4))) | H52: PHILLIES | I52: =VLOOKUP(H52, 'MLB Data'!$B$5:$D$34, 3, FALSE) | J52: WALKER | K52: 4.81 | L52: =VLOOKUP(H52, 'MLB Data'!$F$2:$H$34, 3, FALSE) | M52: =IF((K52*0.6+L52*0.4)<2.5, 2.8, IF((K52*0.6+L52*0.4)>5.5, 5.2, (K52*0.6+L52*0.4))) | O52: =(C52/100) * 4.45 * (M52 / 4.2) * T52 | P52: =(I52/100) * 4.45 * (G52 / 4.2) * T52 | Q52: =(O52+P52) | S52: =H52 | T52: =IF(S52="ROCKIES",1.13,IF(S52="ATHLETICS",1.03,IF(S52="ROYALS",1.03,IF(S52="TWINS",1,IF(S52="TIGERS",1,IF(S52="MARLINS",1.01,IF(S52="REDS",1.05,IF(S52="RED SOX",1.04,IF(S52="YANKEES",1.02,IF(S52="DODGERS",0.99,IF(S52="PADRES",0.96,IF(S52="CUBS",0.98,IF(S52="GIANTS",0.97,IF(S52="MARINERS",0.94,IF(S52="RANGERS",1,IF(S52="ASTROS",0.99,IF(S52="BRAVES",1,IF(S52="METS",0.96,IF(S52="PHILLIES",1.02,IF(S52="BLUE JAYS",1.01,IF(S52="ORIOLES",0.99,IF(S52="RAYS",1.01,IF(S52="GUARDIANS",0.99,IF(S52="WHITE SOX",0.98,IF(S52="ANGELS",1.01,IF(S52="D-BACKS",1.01,IF(S52="BREWERS",0.99,IF(S52="CARDINALS",0.96,IF(S52="PIRATES",1.02,IF(S52="NATIONALS",1,1))))))))))))))))))))))))))))))*IF(W52="",1,(1+((W52-70)/10*0.035)))*IF(U52="DOME",1,IF(U52="IN",1-(V52*0.01),IF(U52="OUT",1+(V52*0.01),IF(OR(U52="L-R",U52="R-L"),1+(V52*0.005),1)))) | U52: OUT | W52: 66 | Y52: =B52 & " vs. " & H52 | Z52: =TRIM(LEFT(Y52, FIND("vs.", Y52)-1)) | AA52: =TRIM(MID(Y52, FIND(" vs. ", Y52)+4, 100)) | AB52: =IF(Q52 > VALUE(AC52), "O " & AC52, IF(Q52 < VALUE(AC52), "U " & AC52, AC52)) | AC52: =IF(OR(O52="-", P52="-"), "-", MROUND(O52 + P52, 0.5)) | AD52: =VALUE(TRIM(RIGHT(AF52, LEN(AF52) - FIND(" ", AF52)))) | AE52: =LEFT(AF52,FIND(" ",AF52)-1) | AF52: =IF(OR(O52="-", P52="-"), "-", IF(MROUND(ABS(O52-P52),0.5)<=0.5, IF(O52>P52, B52 & " ML", H52 & " ML"), IF(MROUND(ABS(O52-P52),0.5)=1, IF(O52>P52, H52 & " +1.5", B52 & " +1.5"), IF(O52>P52, B52 & " -1.5", H52 & " -1.5") ) ) ) | AG52: =_xlfn.LET( _xlpm.winA, O52^1.83 / (O52^1.83 + P52^1.83), _xlpm.winB, 1 - _xlpm.winA, _xlpm.oddsA, IF(_xlpm.winA >= 0.5, "-" & ROUND(_xlpm.winA / (1 - _xlpm.winA) * 100, 0), "+" & ROUND((1 - _xlpm.winA) / _xlpm.winA * 100, 0)), _xlpm.oddsB, IF(_xlpm.winB >= 0.5, "-" & ROUND(_xlpm.winB / (1 - _xlpm.winB) * 100, 0), "+" & ROUND((1 - _xlpm.winB) / _xlpm.winB * 100, 0)), _xlpm.oddsA & " / " & _xlpm.oddsB)
A53: 46111 | B53: WHITE SOX | C53: =VLOOKUP(B53, 'MLB Data'!$B$5:$D$34, 3, FALSE) | D53: MARTIN | E53: 4.63 | F53: =VLOOKUP(B53, 'MLB Data'!$F$2:$H$34, 3, FALSE) | G53: =IF((E53*0.6+F53*0.4)<2.5, 2.8, IF((E53*0.6+F53*0.4)>5.5, 5.2, (E53*0.6+F53*0.4))) | H53: MARLINS | I53: =VLOOKUP(H53, 'MLB Data'!$B$5:$D$34, 3, FALSE) | J53: PADDACK | K53: 5.1 | L53: =VLOOKUP(H53, 'MLB Data'!$F$2:$H$34, 3, FALSE) | M53: =IF((K53*0.6+L53*0.4)<2.5, 2.8, IF((K53*0.6+L53*0.4)>5.5, 5.2, (K53*0.6+L53*0.4))) | O53: =(C53/100) * 4.45 * (M53 / 4.2) * T53 | P53: =(I53/100) * 4.45 * (G53 / 4.2) * T53 | Q53: =(O53+P53) | S53: =H53 | T53: =IF(S53="ROCKIES",1.13,IF(S53="ATHLETICS",1.03,IF(S53="ROYALS",1.03,IF(S53="TWINS",1,IF(S53="TIGERS",1,IF(S53="MARLINS",1.01,IF(S53="REDS",1.05,IF(S53="RED SOX",1.04,IF(S53="YANKEES",1.02,IF(S53="DODGERS",0.99,IF(S53="PADRES",0.96,IF(S53="CUBS",0.98,IF(S53="GIANTS",0.97,IF(S53="MARINERS",0.94,IF(S53="RANGERS",1,IF(S53="ASTROS",0.99,IF(S53="BRAVES",1,IF(S53="METS",0.96,IF(S53="PHILLIES",1.02,IF(S53="BLUE JAYS",1.01,IF(S53="ORIOLES",0.99,IF(S53="RAYS",1.01,IF(S53="GUARDIANS",0.99,IF(S53="WHITE SOX",0.98,IF(S53="ANGELS",1.01,IF(S53="D-BACKS",1.01,IF(S53="BREWERS",0.99,IF(S53="CARDINALS",0.96,IF(S53="PIRATES",1.02,IF(S53="NATIONALS",1,1))))))))))))))))))))))))))))))*IF(W53="",1,(1+((W53-70)/10*0.035)))*IF(U53="DOME",1,IF(U53="IN",1-(V53*0.01),IF(U53="OUT",1+(V53*0.01),IF(OR(U53="L-R",U53="R-L"),1+(V53*0.005),1)))) | U53: DOME | Y53: =B53 & " vs. " & H53 | Z53: =TRIM(LEFT(Y53, FIND("vs.", Y53)-1)) | AA53: =TRIM(MID(Y53, FIND(" vs. ", Y53)+4, 100)) | AB53: =IF(Q53 > VALUE(AC53), "O " & AC53, IF(Q53 < VALUE(AC53), "U " & AC53, AC53)) | AC53: =IF(OR(O53="-", P53="-"), "-", MROUND(O53 + P53, 0.5)) | AD53: =VALUE(TRIM(RIGHT(AF53, LEN(AF53) - FIND(" ", AF53)))) | AE53: =LEFT(AF53,FIND(" ",AF53)-1) | AF53: =IF(OR(O53="-", P53="-"), "-", IF(MROUND(ABS(O53-P53),0.5)<=0.5, IF(O53>P53, B53 & " ML", H53 & " ML"), IF(MROUND(ABS(O53-P53),0.5)=1, IF(O53>P53, H53 & " +1.5", B53 & " +1.5"), IF(O53>P53, B53 & " -1.5", H53 & " -1.5") ) ) ) | AG53: =_xlfn.LET( _xlpm.winA, O53^1.83 / (O53^1.83 + P53^1.83), _xlpm.winB, 1 - _xlpm.winA, _xlpm.oddsA, IF(_xlpm.winA >= 0.5, "-" & ROUND(_xlpm.winA / (1 - _xlpm.winA) * 100, 0), "+" & ROUND((1 - _xlpm.winA) / _xlpm.winA * 100, 0)), _xlpm.oddsB, IF(_xlpm.winB >= 0.5, "-" & ROUND(_xlpm.winB / (1 - _xlpm.winB) * 100, 0), "+" & ROUND((1 - _xlpm.winB) / _xlpm.winB * 100, 0)), _xlpm.oddsA & " / " & _xlpm.oddsB)
A54: 46111 | B54: ROCKIES | C54: =VLOOKUP(B54, 'MLB Data'!$B$5:$D$34, 3, FALSE) | D54: SUGANO | E54: 4.7 | F54: =VLOOKUP(B54, 'MLB Data'!$F$2:$H$34, 3, FALSE) | G54: =IF((E54*0.6+F54*0.4)<2.5, 2.8, IF((E54*0.6+F54*0.4)>5.5, 5.2, (E54*0.6+F54*0.4))) | H54: BLUE JAYS | I54: =VLOOKUP(H54, 'MLB Data'!$B$5:$D$34, 3, FALSE) | J54: PONCE | K54: 2.3 | L54: =VLOOKUP(H54, 'MLB Data'!$F$2:$H$34, 3, FALSE) | M54: =IF((K54*0.6+L54*0.4)<2.5, 2.8, IF((K54*0.6+L54*0.4)>5.5, 5.2, (K54*0.6+L54*0.4))) | O54: =(C54/100) * 4.45 * (M54 / 4.2) * T54 | P54: =(I54/100) * 4.45 * (G54 / 4.2) * T54 | Q54: =(O54+P54) | S54: =H54 | T54: =IF(S54="ROCKIES",1.13,IF(S54="ATHLETICS",1.03,IF(S54="ROYALS",1.03,IF(S54="TWINS",1,IF(S54="TIGERS",1,IF(S54="MARLINS",1.01,IF(S54="REDS",1.05,IF(S54="RED SOX",1.04,IF(S54="YANKEES",1.02,IF(S54="DODGERS",0.99,IF(S54="PADRES",0.96,IF(S54="CUBS",0.98,IF(S54="GIANTS",0.97,IF(S54="MARINERS",0.94,IF(S54="RANGERS",1,IF(S54="ASTROS",0.99,IF(S54="BRAVES",1,IF(S54="METS",0.96,IF(S54="PHILLIES",1.02,IF(S54="BLUE JAYS",1.01,IF(S54="ORIOLES",0.99,IF(S54="RAYS",1.01,IF(S54="GUARDIANS",0.99,IF(S54="WHITE SOX",0.98,IF(S54="ANGELS",1.01,IF(S54="D-BACKS",1.01,IF(S54="BREWERS",0.99,IF(S54="CARDINALS",0.96,IF(S54="PIRATES",1.02,IF(S54="NATIONALS",1,1))))))))))))))))))))))))))))))*IF(W54="",1,(1+((W54-70)/10*0.035)))*IF(U54="DOME",1,IF(U54="IN",1-(V54*0.01),IF(U54="OUT",1+(V54*0.01),IF(OR(U54="L-R",U54="R-L"),1+(V54*0.005),1)))) | U54: DOME | Y54: =B54 & " vs. " & H54 | Z54: =TRIM(LEFT(Y54, FIND("vs.", Y54)-1)) | AA54: =TRIM(MID(Y54, FIND(" vs. ", Y54)+4, 100)) | AB54: =IF(Q54 > VALUE(AC54), "O " & AC54, IF(Q54 < VALUE(AC54), "U " & AC54, AC54)) | AC54: =IF(OR(O54="-", P54="-"), "-", MROUND(O54 + P54, 0.5)) | AD54: =VALUE(TRIM(RIGHT(AF54, LEN(AF54) - FIND(" ", AF54)))) | AE54: =LEFT(AF54,FIND(" ",AF54)-1) | AF54: =IF(OR(O54="-", P54="-"), "-", IF(MROUND(ABS(O54-P54),0.5)<=0.5, IF(O54>P54, B54 & " ML", H54 & " ML"), IF(MROUND(ABS(O54-P54),0.5)=1, IF(O54>P54, H54 & " +1.5", B54 & " +1.5"), IF(O54>P54, B54 & " -1.5", H54 & " -1.5") ) ) ) | AG54: =_xlfn.LET( _xlpm.winA, O54^1.83 / (O54^1.83 + P54^1.83), _xlpm.winB, 1 - _xlpm.winA, _xlpm.oddsA, IF(_xlpm.winA >= 0.5, "-" & ROUND(_xlpm.winA / (1 - _xlpm.winA) * 100, 0), "+" & ROUND((1 - _xlpm.winA) / _xlpm.winA * 100, 0)), _xlpm.oddsB, IF(_xlpm.winB >= 0.5, "-" & ROUND(_xlpm.winB / (1 - _xlpm.winB) * 100, 0), "+" & ROUND((1 - _xlpm.winB) / _xlpm.winB * 100, 0)), _xlpm.oddsA & " / " & _xlpm.oddsB)
A55: 46111 | B55: ATHLETICS | C55: =VLOOKUP(B55, 'MLB Data'!$B$5:$D$34, 3, FALSE) | D55: J. LOPEZ | E55: 4.12 | F55: =VLOOKUP(B55, 'MLB Data'!$F$2:$H$34, 3, FALSE) | G55: =IF((E55*0.6+F55*0.4)<2.5, 2.8, IF((E55*0.6+F55*0.4)>5.5, 5.2, (E55*0.6+F55*0.4))) | H55: BRAVES | I55: =VLOOKUP(H55, 'MLB Data'!$B$5:$D$34, 3, FALSE) | J55: ELDER | K55: 4.04 | L55: =VLOOKUP(H55, 'MLB Data'!$F$2:$H$34, 3, FALSE) | M55: =IF((K55*0.6+L55*0.4)<2.5, 2.8, IF((K55*0.6+L55*0.4)>5.5, 5.2, (K55*0.6+L55*0.4))) | O55: =(C55/100) * 4.45 * (M55 / 4.2) * T55 | P55: =(I55/100) * 4.45 * (G55 / 4.2) * T55 | Q55: =(O55+P55) | S55: =H55 | T55: =IF(S55="ROCKIES",1.13,IF(S55="ATHLETICS",1.03,IF(S55="ROYALS",1.03,IF(S55="TWINS",1,IF(S55="TIGERS",1,IF(S55="MARLINS",1.01,IF(S55="REDS",1.05,IF(S55="RED SOX",1.04,IF(S55="YANKEES",1.02,IF(S55="DODGERS",0.99,IF(S55="PADRES",0.96,IF(S55="CUBS",0.98,IF(S55="GIANTS",0.97,IF(S55="MARINERS",0.94,IF(S55="RANGERS",1,IF(S55="ASTROS",0.99,IF(S55="BRAVES",1,IF(S55="METS",0.96,IF(S55="PHILLIES",1.02,IF(S55="BLUE JAYS",1.01,IF(S55="ORIOLES",0.99,IF(S55="RAYS",1.01,IF(S55="GUARDIANS",0.99,IF(S55="WHITE SOX",0.98,IF(S55="ANGELS",1.01,IF(S55="D-BACKS",1.01,IF(S55="BREWERS",0.99,IF(S55="CARDINALS",0.96,IF(S55="PIRATES",1.02,IF(S55="NATIONALS",1,1))))))))))))))))))))))))))))))*IF(W55="",1,(1+((W55-70)/10*0.035)))*IF(U55="DOME",1,IF(U55="IN",1-(V55*0.01),IF(U55="OUT",1+(V55*0.01),IF(OR(U55="L-R",U55="R-L"),1+(V55*0.005),1)))) | U55: R-L | W55: 72 | Y55: =B55 & " vs. " & H55 | Z55: =TRIM(LEFT(Y55, FIND("vs.", Y55)-1)) | AA55: =TRIM(MID(Y55, FIND(" vs. ", Y55)+4, 100)) | AB55: =IF(Q55 > VALUE(AC55), "O " & AC55, IF(Q55 < VALUE(AC55), "U " & AC55, AC55)) | AC55: =IF(OR(O55="-", P55="-"), "-", MROUND(O55 + P55, 0.5)) | AD55: =VALUE(TRIM(RIGHT(AF55, LEN(AF55) - FIND(" ", AF55)))) | AE55: =LEFT(AF55,FIND(" ",AF55)-1) | AF55: =IF(OR(O55="-", P55="-"), "-", IF(MROUND(ABS(O55-P55),0.5)<=0.5, IF(O55>P55, B55 & " ML", H55 & " ML"), IF(MROUND(ABS(O55-P55),0.5)=1, IF(O55>P55, H55 & " +1.5", B55 & " +1.5"), IF(O55>P55, B55 & " -1.5", H55 & " -1.5") ) ) ) | AG55: =_xlfn.LET( _xlpm.winA, O55^1.83 / (O55^1.83 + P55^1.83), _xlpm.winB, 1 - _xlpm.winA, _xlpm.oddsA, IF(_xlpm.winA >= 0.5, "-" & ROUND(_xlpm.winA / (1 - _xlpm.winA) * 100, 0), "+" & ROUND((1 - _xlpm.winA) / _xlpm.winA * 100, 0)), _xlpm.oddsB, IF(_xlpm.winB >= 0.5, "-" & ROUND(_xlpm.winB / (1 - _xlpm.winB) * 100, 0), "+" & ROUND((1 - _xlpm.winB) / _xlpm.winB * 100, 0)), _xlpm.oddsA & " / " & _xlpm.oddsB)
A56: 46111 | B56: ANGELS | C56: =VLOOKUP(B56, 'MLB Data'!$B$5:$D$34, 3, FALSE) | D56: JOHNSON | E56: 3.97 | F56: =VLOOKUP(B56, 'MLB Data'!$F$2:$H$34, 3, FALSE) | G56: =IF((E56*0.6+F56*0.4)<2.5, 2.8, IF((E56*0.6+F56*0.4)>5.5, 5.2, (E56*0.6+F56*0.4))) | H56: CUBS | I56: =VLOOKUP(H56, 'MLB Data'!$B$5:$D$34, 3, FALSE) | J56: E. CABRERA | K56: 3.62 | L56: =VLOOKUP(H56, 'MLB Data'!$F$2:$H$34, 3, FALSE) | M56: =IF((K56*0.6+L56*0.4)<2.5, 2.8, IF((K56*0.6+L56*0.4)>5.5, 5.2, (K56*0.6+L56*0.4))) | O56: =(C56/100) * 4.45 * (M56 / 4.2) * T56 | P56: =(I56/100) * 4.45 * (G56 / 4.2) * T56 | Q56: =(O56+P56) | S56: =H56 | T56: =IF(S56="ROCKIES",1.13,IF(S56="ATHLETICS",1.03,IF(S56="ROYALS",1.03,IF(S56="TWINS",1,IF(S56="TIGERS",1,IF(S56="MARLINS",1.01,IF(S56="REDS",1.05,IF(S56="RED SOX",1.04,IF(S56="YANKEES",1.02,IF(S56="DODGERS",0.99,IF(S56="PADRES",0.96,IF(S56="CUBS",0.98,IF(S56="GIANTS",0.97,IF(S56="MARINERS",0.94,IF(S56="RANGERS",1,IF(S56="ASTROS",0.99,IF(S56="BRAVES",1,IF(S56="METS",0.96,IF(S56="PHILLIES",1.02,IF(S56="BLUE JAYS",1.01,IF(S56="ORIOLES",0.99,IF(S56="RAYS",1.01,IF(S56="GUARDIANS",0.99,IF(S56="WHITE SOX",0.98,IF(S56="ANGELS",1.01,IF(S56="D-BACKS",1.01,IF(S56="BREWERS",0.99,IF(S56="CARDINALS",0.96,IF(S56="PIRATES",1.02,IF(S56="NATIONALS",1,1))))))))))))))))))))))))))))))*IF(W56="",1,(1+((W56-70)/10*0.035)))*IF(U56="DOME",1,IF(U56="IN",1-(V56*0.01),IF(U56="OUT",1+(V56*0.01),IF(OR(U56="L-R",U56="R-L"),1+(V56*0.005),1)))) | U56: OUT | W56: 68 | Y56: =B56 & " vs. " & H56 | Z56: =TRIM(LEFT(Y56, FIND("vs.", Y56)-1)) | AA56: =TRIM(MID(Y56, FIND(" vs. ", Y56)+4, 100)) | AB56: =IF(Q56 > VALUE(AC56), "O " & AC56, IF(Q56 < VALUE(AC56), "U " & AC56, AC56)) | AC56: =IF(OR(O56="-", P56="-"), "-", MROUND(O56 + P56, 0.5)) | AD56: =VALUE(TRIM(RIGHT(AF56, LEN(AF56) - FIND(" ", AF56)))) | AE56: =LEFT(AF56,FIND(" ",AF56)-1) | AF56: =IF(OR(O56="-", P56="-"), "-", IF(MROUND(ABS(O56-P56),0.5)<=0.5, IF(O56>P56, B56 & " ML", H56 & " ML"), IF(MROUND(ABS(O56-P56),0.5)=1, IF(O56>P56, H56 & " +1.5", B56 & " +1.5"), IF(O56>P56, B56 & " -1.5", H56 & " -1.5") ) ) ) | AG56: =_xlfn.LET( _xlpm.winA, O56^1.83 / (O56^1.83 + P56^1.83), _xlpm.winB, 1 - _xlpm.winA, _xlpm.oddsA, IF(_xlpm.winA >= 0.5, "-" & ROUND(_xlpm.winA / (1 - _xlpm.winA) * 100, 0), "+" & ROUND((1 - _xlpm.winA) / _xlpm.winA * 100, 0)), _xlpm.oddsB, IF(_xlpm.winB >= 0.5, "-" & ROUND(_xlpm.winB / (1 - _xlpm.winB) * 100, 0), "+" & ROUND((1 - _xlpm.winB) / _xlpm.winB * 100, 0)), _xlpm.oddsA & " / " & _xlpm.oddsB)
A57: 46111 | B57: RAYS | C57: =VLOOKUP(B57, 'MLB Data'!$B$5:$D$34, 3, FALSE) | D57: N. MARTINEZ | E57: 4.46 | F57: =VLOOKUP(B57, 'MLB Data'!$F$2:$H$34, 3, FALSE) | G57: =IF((E57*0.6+F57*0.4)<2.5, 2.8, IF((E57*0.6+F57*0.4)>5.5, 5.2, (E57*0.6+F57*0.4))) | H57: BREWERS | I57: =VLOOKUP(H57, 'MLB Data'!$B$5:$D$34, 3, FALSE) | J57: HARRISON | K57: 3.56 | L57: =VLOOKUP(H57, 'MLB Data'!$F$2:$H$34, 3, FALSE) | M57: =IF((K57*0.6+L57*0.4)<2.5, 2.8, IF((K57*0.6+L57*0.4)>5.5, 5.2, (K57*0.6+L57*0.4))) | O57: =(C57/100) * 4.45 * (M57 / 4.2) * T57 | P57: =(I57/100) * 4.45 * (G57 / 4.2) * T57 | Q57: =(O57+P57) | S57: =H57 | T57: =IF(S57="ROCKIES",1.13,IF(S57="ATHLETICS",1.03,IF(S57="ROYALS",1.03,IF(S57="TWINS",1,IF(S57="TIGERS",1,IF(S57="MARLINS",1.01,IF(S57="REDS",1.05,IF(S57="RED SOX",1.04,IF(S57="YANKEES",1.02,IF(S57="DODGERS",0.99,IF(S57="PADRES",0.96,IF(S57="CUBS",0.98,IF(S57="GIANTS",0.97,IF(S57="MARINERS",0.94,IF(S57="RANGERS",1,IF(S57="ASTROS",0.99,IF(S57="BRAVES",1,IF(S57="METS",0.96,IF(S57="PHILLIES",1.02,IF(S57="BLUE JAYS",1.01,IF(S57="ORIOLES",0.99,IF(S57="RAYS",1.01,IF(S57="GUARDIANS",0.99,IF(S57="WHITE SOX",0.98,IF(S57="ANGELS",1.01,IF(S57="D-BACKS",1.01,IF(S57="BREWERS",0.99,IF(S57="CARDINALS",0.96,IF(S57="PIRATES",1.02,IF(S57="NATIONALS",1,1))))))))))))))))))))))))))))))*IF(W57="",1,(1+((W57-70)/10*0.035)))*IF(U57="DOME",1,IF(U57="IN",1-(V57*0.01),IF(U57="OUT",1+(V57*0.01),IF(OR(U57="L-R",U57="R-L"),1+(V57*0.005),1)))) | U57: DOME | Y57: =B57 & " vs. " & H57 | Z57: =TRIM(LEFT(Y57, FIND("vs.", Y57)-1)) | AA57: =TRIM(MID(Y57, FIND(" vs. ", Y57)+4, 100)) | AB57: =IF(Q57 > VALUE(AC57), "O " & AC57, IF(Q57 < VALUE(AC57), "U " & AC57, AC57)) | AC57: =IF(OR(O57="-", P57="-"), "-", MROUND(O57 + P57, 0.5)) | AD57: =VALUE(TRIM(RIGHT(AF57, LEN(AF57) - FIND(" ", AF57)))) | AE57: =LEFT(AF57,FIND(" ",AF57)-1) | AF57: =IF(OR(O57="-", P57="-"), "-", IF(MROUND(ABS(O57-P57),0.5)<=0.5, IF(O57>P57, B57 & " ML", H57 & " ML"), IF(MROUND(ABS(O57-P57),0.5)=1, IF(O57>P57, H57 & " +1.5", B57 & " +1.5"), IF(O57>P57, B57 & " -1.5", H57 & " -1.5") ) ) ) | AG57: =_xlfn.LET( _xlpm.winA, O57^1.83 / (O57^1.83 + P57^1.83), _xlpm.winB, 1 - _xlpm.winA, _xlpm.oddsA, IF(_xlpm.winA >= 0.5, "-" & ROUND(_xlpm.winA / (1 - _xlpm.winA) * 100, 0), "+" & ROUND((1 - _xlpm.winA) / _xlpm.winA * 100, 0)), _xlpm.oddsB, IF(_xlpm.winB >= 0.5, "-" & ROUND(_xlpm.winB / (1 - _xlpm.winB) * 100, 0), "+" & ROUND((1 - _xlpm.winB) / _xlpm.winB * 100, 0)), _xlpm.oddsA & " / " & _xlpm.oddsB)
A58: 46111 | B58: METS | C58: =VLOOKUP(B58, 'MLB Data'!$B$5:$D$34, 3, FALSE) | D58: C. HOLMES | E58: 4.28 | F58: =VLOOKUP(B58, 'MLB Data'!$F$2:$H$34, 3, FALSE) | G58: =IF((E58*0.6+F58*0.4)<2.5, 2.8, IF((E58*0.6+F58*0.4)>5.5, 5.2, (E58*0.6+F58*0.4))) | H58: CARDINALS | I58: =VLOOKUP(H58, 'MLB Data'!$B$5:$D$34, 3, FALSE) | J58: LEAHY | K58: 3.5 | L58: =VLOOKUP(H58, 'MLB Data'!$F$2:$H$34, 3, FALSE) | M58: =IF((K58*0.6+L58*0.4)<2.5, 2.8, IF((K58*0.6+L58*0.4)>5.5, 5.2, (K58*0.6+L58*0.4))) | O58: =(C58/100) * 4.45 * (M58 / 4.2) * T58 | P58: =(I58/100) * 4.45 * (G58 / 4.2) * T58 | Q58: =(O58+P58) | S58: =H58 | T58: =IF(S58="ROCKIES",1.13,IF(S58="ATHLETICS",1.03,IF(S58="ROYALS",1.03,IF(S58="TWINS",1,IF(S58="TIGERS",1,IF(S58="MARLINS",1.01,IF(S58="REDS",1.05,IF(S58="RED SOX",1.04,IF(S58="YANKEES",1.02,IF(S58="DODGERS",0.99,IF(S58="PADRES",0.96,IF(S58="CUBS",0.98,IF(S58="GIANTS",0.97,IF(S58="MARINERS",0.94,IF(S58="RANGERS",1,IF(S58="ASTROS",0.99,IF(S58="BRAVES",1,IF(S58="METS",0.96,IF(S58="PHILLIES",1.02,IF(S58="BLUE JAYS",1.01,IF(S58="ORIOLES",0.99,IF(S58="RAYS",1.01,IF(S58="GUARDIANS",0.99,IF(S58="WHITE SOX",0.98,IF(S58="ANGELS",1.01,IF(S58="D-BACKS",1.01,IF(S58="BREWERS",0.99,IF(S58="CARDINALS",0.96,IF(S58="PIRATES",1.02,IF(S58="NATIONALS",1,1))))))))))))))))))))))))))))))*IF(W58="",1,(1+((W58-70)/10*0.035)))*IF(U58="DOME",1,IF(U58="IN",1-(V58*0.01),IF(U58="OUT",1+(V58*0.01),IF(OR(U58="L-R",U58="R-L"),1+(V58*0.005),1)))) | U58: OUT | W58: 81 | Y58: =B58 & " vs. " & H58 | Z58: =TRIM(LEFT(Y58, FIND("vs.", Y58)-1)) | AA58: =TRIM(MID(Y58, FIND(" vs. ", Y58)+4, 100)) | AB58: =IF(Q58 > VALUE(AC58), "O " & AC58, IF(Q58 < VALUE(AC58), "U " & AC58, AC58)) | AC58: =IF(OR(O58="-", P58="-"), "-", MROUND(O58 + P58, 0.5)) | AD58: =VALUE(TRIM(RIGHT(AF58, LEN(AF58) - FIND(" ", AF58)))) | AE58: =LEFT(AF58,FIND(" ",AF58)-1) | AF58: =IF(OR(O58="-", P58="-"), "-", IF(MROUND(ABS(O58-P58),0.5)<=0.5, IF(O58>P58, B58 & " ML", H58 & " ML"), IF(MROUND(ABS(O58-P58),0.5)=1, IF(O58>P58, H58 & " +1.5", B58 & " +1.5"), IF(O58>P58, B58 & " -1.5", H58 & " -1.5") ) ) ) | AG58: =_xlfn.LET( _xlpm.winA, O58^1.83 / (O58^1.83 + P58^1.83), _xlpm.winB, 1 - _xlpm.winA, _xlpm.oddsA, IF(_xlpm.winA >= 0.5, "-" & ROUND(_xlpm.winA / (1 - _xlpm.winA) * 100, 0), "+" & ROUND((1 - _xlpm.winA) / _xlpm.winA * 100, 0)), _xlpm.oddsB, IF(_xlpm.winB >= 0.5, "-" & ROUND(_xlpm.winB / (1 - _xlpm.winB) * 100, 0), "+" & ROUND((1 - _xlpm.winB) / _xlpm.winB * 100, 0)), _xlpm.oddsA & " / " & _xlpm.oddsB)
A59: 46111 | B59: RED SOX | C59: =VLOOKUP(B59, 'MLB Data'!$B$5:$D$34, 3, FALSE) | D59: SUAREZ | E59: 3.61 | F59: =VLOOKUP(B59, 'MLB Data'!$F$2:$H$34, 3, FALSE) | G59: =IF((E59*0.6+F59*0.4)<2.5, 2.8, IF((E59*0.6+F59*0.4)>5.5, 5.2, (E59*0.6+F59*0.4))) | H59: ASTROS | I59: =VLOOKUP(H59, 'MLB Data'!$B$5:$D$34, 3, FALSE) | J59: MCCULLERS | K59: 4.92 | L59: =VLOOKUP(H59, 'MLB Data'!$F$2:$H$34, 3, FALSE) | M59: =IF((K59*0.6+L59*0.4)<2.5, 2.8, IF((K59*0.6+L59*0.4)>5.5, 5.2, (K59*0.6+L59*0.4))) | O59: =(C59/100) * 4.45 * (M59 / 4.2) * T59 | P59: =(I59/100) * 4.45 * (G59 / 4.2) * T59 | Q59: =(O59+P59) | S59: =H59 | T59: =IF(S59="ROCKIES",1.13,IF(S59="ATHLETICS",1.03,IF(S59="ROYALS",1.03,IF(S59="TWINS",1,IF(S59="TIGERS",1,IF(S59="MARLINS",1.01,IF(S59="REDS",1.05,IF(S59="RED SOX",1.04,IF(S59="YANKEES",1.02,IF(S59="DODGERS",0.99,IF(S59="PADRES",0.96,IF(S59="CUBS",0.98,IF(S59="GIANTS",0.97,IF(S59="MARINERS",0.94,IF(S59="RANGERS",1,IF(S59="ASTROS",0.99,IF(S59="BRAVES",1,IF(S59="METS",0.96,IF(S59="PHILLIES",1.02,IF(S59="BLUE JAYS",1.01,IF(S59="ORIOLES",0.99,IF(S59="RAYS",1.01,IF(S59="GUARDIANS",0.99,IF(S59="WHITE SOX",0.98,IF(S59="ANGELS",1.01,IF(S59="D-BACKS",1.01,IF(S59="BREWERS",0.99,IF(S59="CARDINALS",0.96,IF(S59="PIRATES",1.02,IF(S59="NATIONALS",1,1))))))))))))))))))))))))))))))*IF(W59="",1,(1+((W59-70)/10*0.035)))*IF(U59="DOME",1,IF(U59="IN",1-(V59*0.01),IF(U59="OUT",1+(V59*0.01),IF(OR(U59="L-R",U59="R-L"),1+(V59*0.005),1)))) | U59: DOME | Y59: =B59 & " vs. " & H59 | Z59: =TRIM(LEFT(Y59, FIND("vs.", Y59)-1)) | AA59: =TRIM(MID(Y59, FIND(" vs. ", Y59)+4, 100)) | AB59: =IF(Q59 > VALUE(AC59), "O " & AC59, IF(Q59 < VALUE(AC59), "U " & AC59, AC59)) | AC59: =IF(OR(O59="-", P59="-"), "-", MROUND(O59 + P59, 0.5)) | AD59: =VALUE(TRIM(RIGHT(AF59, LEN(AF59) - FIND(" ", AF59)))) | AE59: =LEFT(AF59,FIND(" ",AF59)-1) | AF59: =IF(OR(O59="-", P59="-"), "-", IF(MROUND(ABS(O59-P59),0.5)<=0.5, IF(O59>P59, B59 & " ML", H59 & " ML"), IF(MROUND(ABS(O59-P59),0.5)=1, IF(O59>P59, H59 & " +1.5", B59 & " +1.5"), IF(O59>P59, B59 & " -1.5", H59 & " -1.5") ) ) ) | AG59: =_xlfn.LET( _xlpm.winA, O59^1.83 / (O59^1.83 + P59^1.83), _xlpm.winB, 1 - _xlpm.winA, _xlpm.oddsA, IF(_xlpm.winA >= 0.5, "-" & ROUND(_xlpm.winA / (1 - _xlpm.winA) * 100, 0), "+" & ROUND((1 - _xlpm.winA) / _xlpm.winA * 100, 0)), _xlpm.oddsB, IF(_xlpm.winB >= 0.5, "-" & ROUND(_xlpm.winB / (1 - _xlpm.winB) * 100, 0), "+" & ROUND((1 - _xlpm.winB) / _xlpm.winB * 100, 0)), _xlpm.oddsA & " / " & _xlpm.oddsB)
A60: 46111 | B60: GIANTS | C60: =VLOOKUP(B60, 'MLB Data'!$B$5:$D$34, 3, FALSE) | D60: ROUPP | E60: 4.1 | F60: =VLOOKUP(B60, 'MLB Data'!$F$2:$H$34, 3, FALSE) | G60: =IF((E60*0.6+F60*0.4)<2.5, 2.8, IF((E60*0.6+F60*0.4)>5.5, 5.2, (E60*0.6+F60*0.4))) | H60: PADRES | I60: =VLOOKUP(H60, 'MLB Data'!$B$5:$D$34, 3, FALSE) | J60: BUEHLER | K60: 6.25 | L60: =VLOOKUP(H60, 'MLB Data'!$F$2:$H$34, 3, FALSE) | M60: =IF((K60*0.6+L60*0.4)<2.5, 2.8, IF((K60*0.6+L60*0.4)>5.5, 5.2, (K60*0.6+L60*0.4))) | O60: =(C60/100) * 4.45 * (M60 / 4.2) * T60 | P60: =(I60/100) * 4.45 * (G60 / 4.2) * T60 | Q60: =(O60+P60) | S60: =H60 | T60: =IF(S60="ROCKIES",1.13,IF(S60="ATHLETICS",1.03,IF(S60="ROYALS",1.03,IF(S60="TWINS",1,IF(S60="TIGERS",1,IF(S60="MARLINS",1.01,IF(S60="REDS",1.05,IF(S60="RED SOX",1.04,IF(S60="YANKEES",1.02,IF(S60="DODGERS",0.99,IF(S60="PADRES",0.96,IF(S60="CUBS",0.98,IF(S60="GIANTS",0.97,IF(S60="MARINERS",0.94,IF(S60="RANGERS",1,IF(S60="ASTROS",0.99,IF(S60="BRAVES",1,IF(S60="METS",0.96,IF(S60="PHILLIES",1.02,IF(S60="BLUE JAYS",1.01,IF(S60="ORIOLES",0.99,IF(S60="RAYS",1.01,IF(S60="GUARDIANS",0.99,IF(S60="WHITE SOX",0.98,IF(S60="ANGELS",1.01,IF(S60="D-BACKS",1.01,IF(S60="BREWERS",0.99,IF(S60="CARDINALS",0.96,IF(S60="PIRATES",1.02,IF(S60="NATIONALS",1,1))))))))))))))))))))))))))))))*IF(W60="",1,(1+((W60-70)/10*0.035)))*IF(U60="DOME",1,IF(U60="IN",1-(V60*0.01),IF(U60="OUT",1+(V60*0.01),IF(OR(U60="L-R",U60="R-L"),1+(V60*0.005),1)))) | U60: OUT | W60: 67 | Y60: =B60 & " vs. " & H60 | Z60: =TRIM(LEFT(Y60, FIND("vs.", Y60)-1)) | AA60: =TRIM(MID(Y60, FIND(" vs. ", Y60)+4, 100)) | AB60: =IF(Q60 > VALUE(AC60), "O " & AC60, IF(Q60 < VALUE(AC60), "U " & AC60, AC60)) | AC60: =IF(OR(O60="-", P60="-"), "-", MROUND(O60 + P60, 0.5)) | AD60: =VALUE(TRIM(RIGHT(AF60, LEN(AF60) - FIND(" ", AF60)))) | AE60: =LEFT(AF60,FIND(" ",AF60)-1) | AF60: =IF(OR(O60="-", P60="-"), "-", IF(MROUND(ABS(O60-P60),0.5)<=0.5, IF(O60>P60, B60 & " ML", H60 & " ML"), IF(MROUND(ABS(O60-P60),0.5)=1, IF(O60>P60, H60 & " +1.5", B60 & " +1.5"), IF(O60>P60, B60 & " -1.5", H60 & " -1.5") ) ) ) | AG60: =_xlfn.LET( _xlpm.winA, O60^1.83 / (O60^1.83 + P60^1.83), _xlpm.winB, 1 - _xlpm.winA, _xlpm.oddsA, IF(_xlpm.winA >= 0.5, "-" & ROUND(_xlpm.winA / (1 - _xlpm.winA) * 100, 0), "+" & ROUND((1 - _xlpm.winA) / _xlpm.winA * 100, 0)), _xlpm.oddsB, IF(_xlpm.winB >= 0.5, "-" & ROUND(_xlpm.winB / (1 - _xlpm.winB) * 100, 0), "+" & ROUND((1 - _xlpm.winB) / _xlpm.winB * 100, 0)), _xlpm.oddsA & " / " & _xlpm.oddsB)
A61: 46111 | B61: YANKEES | C61: =VLOOKUP(B61, 'MLB Data'!$B$5:$D$34, 3, FALSE) | D61: WEATHERS | E61: 4.03 | F61: =VLOOKUP(B61, 'MLB Data'!$F$2:$H$34, 3, FALSE) | G61: =IF((E61*0.6+F61*0.4)<2.5, 2.8, IF((E61*0.6+F61*0.4)>5.5, 5.2, (E61*0.6+F61*0.4))) | H61: MARINERS | I61: =VLOOKUP(H61, 'MLB Data'!$B$5:$D$34, 3, FALSE) | J61: CASTILLO | K61: 4.09 | L61: =VLOOKUP(H61, 'MLB Data'!$F$2:$H$34, 3, FALSE) | M61: =IF((K61*0.6+L61*0.4)<2.5, 2.8, IF((K61*0.6+L61*0.4)>5.5, 5.2, (K61*0.6+L61*0.4))) | O61: =(C61/100) * 4.45 * (M61 / 4.2) * T61 | P61: =(I61/100) * 4.45 * (G61 / 4.2) * T61 | Q61: =(O61+P61) | S61: =H61 | T61: =IF(S61="ROCKIES",1.13,IF(S61="ATHLETICS",1.03,IF(S61="ROYALS",1.03,IF(S61="TWINS",1,IF(S61="TIGERS",1,IF(S61="MARLINS",1.01,IF(S61="REDS",1.05,IF(S61="RED SOX",1.04,IF(S61="YANKEES",1.02,IF(S61="DODGERS",0.99,IF(S61="PADRES",0.96,IF(S61="CUBS",0.98,IF(S61="GIANTS",0.97,IF(S61="MARINERS",0.94,IF(S61="RANGERS",1,IF(S61="ASTROS",0.99,IF(S61="BRAVES",1,IF(S61="METS",0.96,IF(S61="PHILLIES",1.02,IF(S61="BLUE JAYS",1.01,IF(S61="ORIOLES",0.99,IF(S61="RAYS",1.01,IF(S61="GUARDIANS",0.99,IF(S61="WHITE SOX",0.98,IF(S61="ANGELS",1.01,IF(S61="D-BACKS",1.01,IF(S61="BREWERS",0.99,IF(S61="CARDINALS",0.96,IF(S61="PIRATES",1.02,IF(S61="NATIONALS",1,1))))))))))))))))))))))))))))))*IF(W61="",1,(1+((W61-70)/10*0.035)))*IF(U61="DOME",1,IF(U61="IN",1-(V61*0.01),IF(U61="OUT",1+(V61*0.01),IF(OR(U61="L-R",U61="R-L"),1+(V61*0.005),1)))) | U61: DOME | Y61: =B61 & " vs. " & H61 | Z61: =TRIM(LEFT(Y61, FIND("vs.", Y61)-1)) | AA61: =TRIM(MID(Y61, FIND(" vs. ", Y61)+4, 100)) | AB61: =IF(Q61 > VALUE(AC61), "O " & AC61, IF(Q61 < VALUE(AC61), "U " & AC61, AC61)) | AC61: =IF(OR(O61="-", P61="-"), "-", MROUND(O61 + P61, 0.5)) | AD61: =VALUE(TRIM(RIGHT(AF61, LEN(AF61) - FIND(" ", AF61)))) | AE61: =LEFT(AF61,FIND(" ",AF61)-1) | AF61: =IF(OR(O61="-", P61="-"), "-", IF(MROUND(ABS(O61-P61),0.5)<=0.5, IF(O61>P61, B61 & " ML", H61 & " ML"), IF(MROUND(ABS(O61-P61),0.5)=1, IF(O61>P61, H61 & " +1.5", B61 & " +1.5"), IF(O61>P61, B61 & " -1.5", H61 & " -1.5") ) ) ) | AG61: =_xlfn.LET( _xlpm.winA, O61^1.83 / (O61^1.83 + P61^1.83), _xlpm.winB, 1 - _xlpm.winA, _xlpm.oddsA, IF(_xlpm.winA >= 0.5, "-" & ROUND(_xlpm.winA / (1 - _xlpm.winA) * 100, 0), "+" & ROUND((1 - _xlpm.winA) / _xlpm.winA * 100, 0)), _xlpm.oddsB, IF(_xlpm.winB >= 0.5, "-" & ROUND(_xlpm.winB / (1 - _xlpm.winB) * 100, 0), "+" & ROUND((1 - _xlpm.winB) / _xlpm.winB * 100, 0)), _xlpm.oddsA & " / " & _xlpm.oddsB)
A62: 46111 | B62: TIGERS | C62: =VLOOKUP(B62, 'MLB Data'!$B$5:$D$34, 3, FALSE) | D62: VERLANDER | E62: 4.57 | F62: =VLOOKUP(B62, 'MLB Data'!$F$2:$H$34, 3, FALSE) | G62: =IF((E62*0.6+F62*0.4)<2.5, 2.8, IF((E62*0.6+F62*0.4)>5.5, 5.2, (E62*0.6+F62*0.4))) | H62: D-BACKS | I62: =VLOOKUP(H62, 'MLB Data'!$B$5:$D$34, 3, FALSE) | J62: SOROKA | K62: 4.17 | L62: =VLOOKUP(H62, 'MLB Data'!$F$2:$H$34, 3, FALSE) | M62: =IF((K62*0.6+L62*0.4)<2.5, 2.8, IF((K62*0.6+L62*0.4)>5.5, 5.2, (K62*0.6+L62*0.4))) | O62: =(C62/100) * 4.45 * (M62 / 4.2) * T62 | P62: =(I62/100) * 4.45 * (G62 / 4.2) * T62 | Q62: =(O62+P62) | S62: =H62 | T62: =IF(S62="ROCKIES",1.13,IF(S62="ATHLETICS",1.03,IF(S62="ROYALS",1.03,IF(S62="TWINS",1,IF(S62="TIGERS",1,IF(S62="MARLINS",1.01,IF(S62="REDS",1.05,IF(S62="RED SOX",1.04,IF(S62="YANKEES",1.02,IF(S62="DODGERS",0.99,IF(S62="PADRES",0.96,IF(S62="CUBS",0.98,IF(S62="GIANTS",0.97,IF(S62="MARINERS",0.94,IF(S62="RANGERS",1,IF(S62="ASTROS",0.99,IF(S62="BRAVES",1,IF(S62="METS",0.96,IF(S62="PHILLIES",1.02,IF(S62="BLUE JAYS",1.01,IF(S62="ORIOLES",0.99,IF(S62="RAYS",1.01,IF(S62="GUARDIANS",0.99,IF(S62="WHITE SOX",0.98,IF(S62="ANGELS",1.01,IF(S62="D-BACKS",1.01,IF(S62="BREWERS",0.99,IF(S62="CARDINALS",0.96,IF(S62="PIRATES",1.02,IF(S62="NATIONALS",1,1))))))))))))))))))))))))))))))*IF(W62="",1,(1+((W62-70)/10*0.035)))*IF(U62="DOME",1,IF(U62="IN",1-(V62*0.01),IF(U62="OUT",1+(V62*0.01),IF(OR(U62="L-R",U62="R-L"),1+(V62*0.005),1)))) | U62: DOME | Y62: =B62 & " vs. " & H62 | Z62: =TRIM(LEFT(Y62, FIND("vs.", Y62)-1)) | AA62: =TRIM(MID(Y62, FIND(" vs. ", Y62)+4, 100)) | AB62: =IF(Q62 > VALUE(AC62), "O " & AC62, IF(Q62 < VALUE(AC62), "U " & AC62, AC62)) | AC62: =IF(OR(O62="-", P62="-"), "-", MROUND(O62 + P62, 0.5)) | AD62: =VALUE(TRIM(RIGHT(AF62, LEN(AF62) - FIND(" ", AF62)))) | AE62: =LEFT(AF62,FIND(" ",AF62)-1) | AF62: =IF(OR(O62="-", P62="-"), "-", IF(MROUND(ABS(O62-P62),0.5)<=0.5, IF(O62>P62, B62 & " ML", H62 & " ML"), IF(MROUND(ABS(O62-P62),0.5)=1, IF(O62>P62, H62 & " +1.5", B62 & " +1.5"), IF(O62>P62, B62 & " -1.5", H62 & " -1.5") ) ) ) | AG62: =_xlfn.LET( _xlpm.winA, O62^1.83 / (O62^1.83 + P62^1.83), _xlpm.winB, 1 - _xlpm.winA, _xlpm.oddsA, IF(_xlpm.winA >= 0.5, "-" & ROUND(_xlpm.winA / (1 - _xlpm.winA) * 100, 0), "+" & ROUND((1 - _xlpm.winA) / _xlpm.winA * 100, 0)), _xlpm.oddsB, IF(_xlpm.winB >= 0.5, "-" & ROUND(_xlpm.winB / (1 - _xlpm.winB) * 100, 0), "+" & ROUND((1 - _xlpm.winB) / _xlpm.winB * 100, 0)), _xlpm.oddsA & " / " & _xlpm.oddsB)
A63: 46111 | B63: GUARDIANS | C63: =VLOOKUP(B63, 'MLB Data'!$B$5:$D$34, 3, FALSE) | D63: MESSICK | E63: 3.15 | F63: =VLOOKUP(B63, 'MLB Data'!$F$2:$H$34, 3, FALSE) | G63: =IF((E63*0.6+F63*0.4)<2.5, 2.8, IF((E63*0.6+F63*0.4)>5.5, 5.2, (E63*0.6+F63*0.4))) | H63: DODGERS | I63: =VLOOKUP(H63, 'MLB Data'!$B$5:$D$34, 3, FALSE) | J63: SASAKI | K63: 5.85 | L63: =VLOOKUP(H63, 'MLB Data'!$F$2:$H$34, 3, FALSE) | M63: =IF((K63*0.6+L63*0.4)<2.5, 2.8, IF((K63*0.6+L63*0.4)>5.5, 5.2, (K63*0.6+L63*0.4))) | O63: =(C63/100) * 4.45 * (M63 / 4.2) * T63 | P63: =(I63/100) * 4.45 * (G63 / 4.2) * T63 | Q63: =(O63+P63) | S63: =H63 | T63: =IF(S63="ROCKIES",1.13,IF(S63="ATHLETICS",1.03,IF(S63="ROYALS",1.03,IF(S63="TWINS",1,IF(S63="TIGERS",1,IF(S63="MARLINS",1.01,IF(S63="REDS",1.05,IF(S63="RED SOX",1.04,IF(S63="YANKEES",1.02,IF(S63="DODGERS",0.99,IF(S63="PADRES",0.96,IF(S63="CUBS",0.98,IF(S63="GIANTS",0.97,IF(S63="MARINERS",0.94,IF(S63="RANGERS",1,IF(S63="ASTROS",0.99,IF(S63="BRAVES",1,IF(S63="METS",0.96,IF(S63="PHILLIES",1.02,IF(S63="BLUE JAYS",1.01,IF(S63="ORIOLES",0.99,IF(S63="RAYS",1.01,IF(S63="GUARDIANS",0.99,IF(S63="WHITE SOX",0.98,IF(S63="ANGELS",1.01,IF(S63="D-BACKS",1.01,IF(S63="BREWERS",0.99,IF(S63="CARDINALS",0.96,IF(S63="PIRATES",1.02,IF(S63="NATIONALS",1,1))))))))))))))))))))))))))))))*IF(W63="",1,(1+((W63-70)/10*0.035)))*IF(U63="DOME",1,IF(U63="IN",1-(V63*0.01),IF(U63="OUT",1+(V63*0.01),IF(OR(U63="L-R",U63="R-L"),1+(V63*0.005),1)))) | U63: OUT | W63: 65 | Y63: =B63 & " vs. " & H63 | Z63: =TRIM(LEFT(Y63, FIND("vs.", Y63)-1)) | AA63: =TRIM(MID(Y63, FIND(" vs. ", Y63)+4, 100)) | AB63: =IF(Q63 > VALUE(AC63), "O " & AC63, IF(Q63 < VALUE(AC63), "U " & AC63, AC63)) | AC63: =IF(OR(O63="-", P63="-"), "-", MROUND(O63 + P63, 0.5)) | AD63: =VALUE(TRIM(RIGHT(AF63, LEN(AF63) - FIND(" ", AF63)))) | AE63: =LEFT(AF63,FIND(" ",AF63)-1) | AF63: =IF(OR(O63="-", P63="-"), "-", IF(MROUND(ABS(O63-P63),0.5)<=0.5, IF(O63>P63, B63 & " ML", H63 & " ML"), IF(MROUND(ABS(O63-P63),0.5)=1, IF(O63>P63, H63 & " +1.5", B63 & " +1.5"), IF(O63>P63, B63 & " -1.5", H63 & " -1.5") ) ) ) | AG63: =_xlfn.LET( _xlpm.winA, O63^1.83 / (O63^1.83 + P63^1.83), _xlpm.winB, 1 - _xlpm.winA, _xlpm.oddsA, IF(_xlpm.winA >= 0.5, "-" & ROUND(_xlpm.winA / (1 - _xlpm.winA) * 100, 0), "+" & ROUND((1 - _xlpm.winA) / _xlpm.winA * 100, 0)), _xlpm.oddsB, IF(_xlpm.winB >= 0.5, "-" & ROUND(_xlpm.winB / (1 - _xlpm.winB) * 100, 0), "+" & ROUND((1 - _xlpm.winB) / _xlpm.winB * 100, 0)), _xlpm.oddsA & " / " & _xlpm.oddsB)
A64: 46112 | B64: RANGERS | C64: =VLOOKUP(B64, 'MLB Data'!$B$5:$D$34, 3, FALSE) | D64: DEGROM | E64: 3.37 | F64: =VLOOKUP(B64, 'MLB Data'!$F$2:$H$34, 3, FALSE) | G64: =IF((E64*0.6+F64*0.4)<2.5, 2.8, IF((E64*0.6+F64*0.4)>5.5, 5.2, (E64*0.6+F64*0.4))) | H64: ORIOLES | I64: =VLOOKUP(H64, 'MLB Data'!$B$5:$D$34, 3, FALSE) | J64: EFLIN | K64: 4.37 | L64: =VLOOKUP(H64, 'MLB Data'!$F$2:$H$34, 3, FALSE) | M64: =IF((K64*0.6+L64*0.4)<2.5, 2.8, IF((K64*0.6+L64*0.4)>5.5, 5.2, (K64*0.6+L64*0.4))) | O64: =(C64/100) * 4.45 * (M64 / 4.2) * T64 | P64: =(I64/100) * 4.45 * (G64 / 4.2) * T64 | Q64: =(O64+P64) | S64: =H64 | T64: =IF(S64="ROCKIES",1.13,IF(S64="ATHLETICS",1.03,IF(S64="ROYALS",1.03,IF(S64="TWINS",1,IF(S64="TIGERS",1,IF(S64="MARLINS",1.01,IF(S64="REDS",1.05,IF(S64="RED SOX",1.04,IF(S64="YANKEES",1.02,IF(S64="DODGERS",0.99,IF(S64="PADRES",0.96,IF(S64="CUBS",0.98,IF(S64="GIANTS",0.97,IF(S64="MARINERS",0.94,IF(S64="RANGERS",1,IF(S64="ASTROS",0.99,IF(S64="BRAVES",1,IF(S64="METS",0.96,IF(S64="PHILLIES",1.02,IF(S64="BLUE JAYS",1.01,IF(S64="ORIOLES",0.99,IF(S64="RAYS",1.01,IF(S64="GUARDIANS",0.99,IF(S64="WHITE SOX",0.98,IF(S64="ANGELS",1.01,IF(S64="D-BACKS",1.01,IF(S64="BREWERS",0.99,IF(S64="CARDINALS",0.96,IF(S64="PIRATES",1.02,IF(S64="NATIONALS",1,1))))))))))))))))))))))))))))))*IF(W64="",1,(1+((W64-70)/10*0.035)))*IF(U64="DOME",1,IF(U64="IN",1-(V64*0.01),IF(U64="OUT",1+(V64*0.01),IF(OR(U64="L-R",U64="R-L"),1+(V64*0.005),1)))) | U64: OUT | W64: 81 | Y64: =B64 & " vs. " & H64 | Z64: =TRIM(LEFT(Y64, FIND("vs.", Y64)-1)) | AA64: =TRIM(MID(Y64, FIND(" vs. ", Y64)+4, 100)) | AB64: =IF(Q64 > VALUE(AC64), "O " & AC64, IF(Q64 < VALUE(AC64), "U " & AC64, AC64)) | AC64: =IF(OR(O64="-", P64="-"), "-", MROUND(O64 + P64, 0.5)) | AD64: =VALUE(TRIM(RIGHT(AF64, LEN(AF64) - FIND(" ", AF64)))) | AE64: =LEFT(AF64,FIND(" ",AF64)-1) | AF64: =IF(OR(O64="-", P64="-"), "-", IF(MROUND(ABS(O64-P64),0.5)<=0.5, IF(O64>P64, B64 & " ML", H64 & " ML"), IF(MROUND(ABS(O64-P64),0.5)=1, IF(O64>P64, H64 & " +1.5", B64 & " +1.5"), IF(O64>P64, B64 & " -1.5", H64 & " -1.5") ) ) ) | AG64: =_xlfn.LET( _xlpm.winA, O64^1.83 / (O64^1.83 + P64^1.83), _xlpm.winB, 1 - _xlpm.winA, _xlpm.oddsA, IF(_xlpm.winA >= 0.5, "-" & ROUND(_xlpm.winA / (1 - _xlpm.winA) * 100, 0), "+" & ROUND((1 - _xlpm.winA) / _xlpm.winA * 100, 0)), _xlpm.oddsB, IF(_xlpm.winB >= 0.5, "-" & ROUND(_xlpm.winB / (1 - _xlpm.winB) * 100, 0), "+" & ROUND((1 - _xlpm.winB) / _xlpm.winB * 100, 0)), _xlpm.oddsA & " / " & _xlpm.oddsB)
A65: 46112 | B65: PIRATES | C65: =VLOOKUP(B65, 'MLB Data'!$B$5:$D$34, 3, FALSE) | D65: CHANDLER | E65: 2.92 | F65: =VLOOKUP(B65, 'MLB Data'!$F$2:$H$34, 3, FALSE) | G65: =IF((E65*0.6+F65*0.4)<2.5, 2.8, IF((E65*0.6+F65*0.4)>5.5, 5.2, (E65*0.6+F65*0.4))) | H65: REDS | I65: =VLOOKUP(H65, 'MLB Data'!$B$5:$D$34, 3, FALSE) | J65: WILLIAMSON | K65: 4.96 | L65: =VLOOKUP(H65, 'MLB Data'!$F$2:$H$34, 3, FALSE) | M65: =IF((K65*0.6+L65*0.4)<2.5, 2.8, IF((K65*0.6+L65*0.4)>5.5, 5.2, (K65*0.6+L65*0.4))) | O65: =(C65/100) * 4.45 * (M65 / 4.2) * T65 | P65: =(I65/100) * 4.45 * (G65 / 4.2) * T65 | Q65: =(O65+P65) | S65: =H65 | T65: =IF(S65="ROCKIES",1.13,IF(S65="ATHLETICS",1.03,IF(S65="ROYALS",1.03,IF(S65="TWINS",1,IF(S65="TIGERS",1,IF(S65="MARLINS",1.01,IF(S65="REDS",1.05,IF(S65="RED SOX",1.04,IF(S65="YANKEES",1.02,IF(S65="DODGERS",0.99,IF(S65="PADRES",0.96,IF(S65="CUBS",0.98,IF(S65="GIANTS",0.97,IF(S65="MARINERS",0.94,IF(S65="RANGERS",1,IF(S65="ASTROS",0.99,IF(S65="BRAVES",1,IF(S65="METS",0.96,IF(S65="PHILLIES",1.02,IF(S65="BLUE JAYS",1.01,IF(S65="ORIOLES",0.99,IF(S65="RAYS",1.01,IF(S65="GUARDIANS",0.99,IF(S65="WHITE SOX",0.98,IF(S65="ANGELS",1.01,IF(S65="D-BACKS",1.01,IF(S65="BREWERS",0.99,IF(S65="CARDINALS",0.96,IF(S65="PIRATES",1.02,IF(S65="NATIONALS",1,1))))))))))))))))))))))))))))))*IF(W65="",1,(1+((W65-70)/10*0.035)))*IF(U65="DOME",1,IF(U65="IN",1-(V65*0.01),IF(U65="OUT",1+(V65*0.01),IF(OR(U65="L-R",U65="R-L"),1+(V65*0.005),1)))) | U65: R-L | W65: 83 | Y65: =B65 & " vs. " & H65 | Z65: =TRIM(LEFT(Y65, FIND("vs.", Y65)-1)) | AA65: =TRIM(MID(Y65, FIND(" vs. ", Y65)+4, 100)) | AB65: =IF(Q65 > VALUE(AC65), "O " & AC65, IF(Q65 < VALUE(AC65), "U " & AC65, AC65)) | AC65: =IF(OR(O65="-", P65="-"), "-", MROUND(O65 + P65, 0.5)) | AD65: =VALUE(TRIM(RIGHT(AF65, LEN(AF65) - FIND(" ", AF65)))) | AE65: =LEFT(AF65,FIND(" ",AF65)-1) | AF65: =IF(OR(O65="-", P65="-"), "-", IF(MROUND(ABS(O65-P65),0.5)<=0.5, IF(O65>P65, B65 & " ML", H65 & " ML"), IF(MROUND(ABS(O65-P65),0.5)=1, IF(O65>P65, H65 & " +1.5", B65 & " +1.5"), IF(O65>P65, B65 & " -1.5", H65 & " -1.5") ) ) ) | AG65: =_xlfn.LET( _xlpm.winA, O65^1.83 / (O65^1.83 + P65^1.83), _xlpm.winB, 1 - _xlpm.winA, _xlpm.oddsA, IF(_xlpm.winA >= 0.5, "-" & ROUND(_xlpm.winA / (1 - _xlpm.winA) * 100, 0), "+" & ROUND((1 - _xlpm.winA) / _xlpm.winA * 100, 0)), _xlpm.oddsB, IF(_xlpm.winB >= 0.5, "-" & ROUND(_xlpm.winB / (1 - _xlpm.winB) * 100, 0), "+" & ROUND((1 - _xlpm.winB) / _xlpm.winB * 100, 0)), _xlpm.oddsA & " / " & _xlpm.oddsB)
A66: 46112 | B66: NATIONALS | C66: =VLOOKUP(B66, 'MLB Data'!$B$5:$D$34, 3, FALSE) | D66: POULIN | E66: 7.81 | F66: =VLOOKUP(B66, 'MLB Data'!$F$2:$H$34, 3, FALSE) | G66: =IF((E66*0.6+F66*0.4)<2.5, 2.8, IF((E66*0.6+F66*0.4)>5.5, 5.2, (E66*0.6+F66*0.4))) | H66: PHILLIES | I66: =VLOOKUP(H66, 'MLB Data'!$B$5:$D$34, 3, FALSE) | J66: PAINTER | K66: 4.2 | L66: =VLOOKUP(H66, 'MLB Data'!$F$2:$H$34, 3, FALSE) | M66: =IF((K66*0.6+L66*0.4)<2.5, 2.8, IF((K66*0.6+L66*0.4)>5.5, 5.2, (K66*0.6+L66*0.4))) | O66: =(C66/100) * 4.45 * (M66 / 4.2) * T66 | P66: =(I66/100) * 4.45 * (G66 / 4.2) * T66 | Q66: =(O66+P66) | S66: =H66 | T66: =IF(S66="ROCKIES",1.13,IF(S66="ATHLETICS",1.03,IF(S66="ROYALS",1.03,IF(S66="TWINS",1,IF(S66="TIGERS",1,IF(S66="MARLINS",1.01,IF(S66="REDS",1.05,IF(S66="RED SOX",1.04,IF(S66="YANKEES",1.02,IF(S66="DODGERS",0.99,IF(S66="PADRES",0.96,IF(S66="CUBS",0.98,IF(S66="GIANTS",0.97,IF(S66="MARINERS",0.94,IF(S66="RANGERS",1,IF(S66="ASTROS",0.99,IF(S66="BRAVES",1,IF(S66="METS",0.96,IF(S66="PHILLIES",1.02,IF(S66="BLUE JAYS",1.01,IF(S66="ORIOLES",0.99,IF(S66="RAYS",1.01,IF(S66="GUARDIANS",0.99,IF(S66="WHITE SOX",0.98,IF(S66="ANGELS",1.01,IF(S66="D-BACKS",1.01,IF(S66="BREWERS",0.99,IF(S66="CARDINALS",0.96,IF(S66="PIRATES",1.02,IF(S66="NATIONALS",1,1))))))))))))))))))))))))))))))*IF(W66="",1,(1+((W66-70)/10*0.035)))*IF(U66="DOME",1,IF(U66="IN",1-(V66*0.01),IF(U66="OUT",1+(V66*0.01),IF(OR(U66="L-R",U66="R-L"),1+(V66*0.005),1)))) | U66: OUT | W66: 79 | Y66: =B66 & " vs. " & H66 | Z66: =TRIM(LEFT(Y66, FIND("vs.", Y66)-1)) | AA66: =TRIM(MID(Y66, FIND(" vs. ", Y66)+4, 100)) | AB66: =IF(Q66 > VALUE(AC66), "O " & AC66, IF(Q66 < VALUE(AC66), "U " & AC66, AC66)) | AC66: =IF(OR(O66="-", P66="-"), "-", MROUND(O66 + P66, 0.5)) | AD66: =VALUE(TRIM(RIGHT(AF66, LEN(AF66) - FIND(" ", AF66)))) | AE66: =LEFT(AF66,FIND(" ",AF66)-1) | AF66: =IF(OR(O66="-", P66="-"), "-", IF(MROUND(ABS(O66-P66),0.5)<=0.5, IF(O66>P66, B66 & " ML", H66 & " ML"), IF(MROUND(ABS(O66-P66),0.5)=1, IF(O66>P66, H66 & " +1.5", B66 & " +1.5"), IF(O66>P66, B66 & " -1.5", H66 & " -1.5") ) ) ) | AG66: =_xlfn.LET( _xlpm.winA, O66^1.83 / (O66^1.83 + P66^1.83), _xlpm.winB, 1 - _xlpm.winA, _xlpm.oddsA, IF(_xlpm.winA >= 0.5, "-" & ROUND(_xlpm.winA / (1 - _xlpm.winA) * 100, 0), "+" & ROUND((1 - _xlpm.winA) / _xlpm.winA * 100, 0)), _xlpm.oddsB, IF(_xlpm.winB >= 0.5, "-" & ROUND(_xlpm.winB / (1 - _xlpm.winB) * 100, 0), "+" & ROUND((1 - _xlpm.winB) / _xlpm.winB * 100, 0)), _xlpm.oddsA & " / " & _xlpm.oddsB )
A67: 46112 | B67: WHITE SOX | C67: =VLOOKUP(B67, 'MLB Data'!$B$5:$D$34, 3, FALSE) | D67: FEDDE | E67: 5.39 | F67: =VLOOKUP(B67, 'MLB Data'!$F$2:$H$34, 3, FALSE) | G67: =IF((E67*0.6+F67*0.4)<2.5, 2.8, IF((E67*0.6+F67*0.4)>5.5, 5.2, (E67*0.6+F67*0.4))) | H67: MARLINS | I67: =VLOOKUP(H67, 'MLB Data'!$B$5:$D$34, 3, FALSE) | J67: JUNK | K67: 4.34 | L67: =VLOOKUP(H67, 'MLB Data'!$F$2:$H$34, 3, FALSE) | M67: =IF((K67*0.6+L67*0.4)<2.5, 2.8, IF((K67*0.6+L67*0.4)>5.5, 5.2, (K67*0.6+L67*0.4))) | O67: =(C67/100) * 4.45 * (M67 / 4.2) * T67 | P67: =(I67/100) * 4.45 * (G67 / 4.2) * T67 | Q67: =(O67+P67) | S67: =H67 | T67: =IF(S67="ROCKIES",1.13,IF(S67="ATHLETICS",1.03,IF(S67="ROYALS",1.03,IF(S67="TWINS",1,IF(S67="TIGERS",1,IF(S67="MARLINS",1.01,IF(S67="REDS",1.05,IF(S67="RED SOX",1.04,IF(S67="YANKEES",1.02,IF(S67="DODGERS",0.99,IF(S67="PADRES",0.96,IF(S67="CUBS",0.98,IF(S67="GIANTS",0.97,IF(S67="MARINERS",0.94,IF(S67="RANGERS",1,IF(S67="ASTROS",0.99,IF(S67="BRAVES",1,IF(S67="METS",0.96,IF(S67="PHILLIES",1.02,IF(S67="BLUE JAYS",1.01,IF(S67="ORIOLES",0.99,IF(S67="RAYS",1.01,IF(S67="GUARDIANS",0.99,IF(S67="WHITE SOX",0.98,IF(S67="ANGELS",1.01,IF(S67="D-BACKS",1.01,IF(S67="BREWERS",0.99,IF(S67="CARDINALS",0.96,IF(S67="PIRATES",1.02,IF(S67="NATIONALS",1,1))))))))))))))))))))))))))))))*IF(W67="",1,(1+((W67-70)/10*0.035)))*IF(U67="DOME",1,IF(U67="IN",1-(V67*0.01),IF(U67="OUT",1+(V67*0.01),IF(OR(U67="L-R",U67="R-L"),1+(V67*0.005),1)))) | U67: DOME | Y67: =B67 & " vs. " & H67 | Z67: =TRIM(LEFT(Y67, FIND("vs.", Y67)-1)) | AA67: =TRIM(MID(Y67, FIND(" vs. ", Y67)+4, 100)) | AB67: =IF(Q67 > VALUE(AC67), "O " & AC67, IF(Q67 < VALUE(AC67), "U " & AC67, AC67)) | AC67: =IF(OR(O67="-", P67="-"), "-", MROUND(O67 + P67, 0.5)) | AD67: =VALUE(TRIM(RIGHT(AF67, LEN(AF67) - FIND(" ", AF67)))) | AE67: =LEFT(AF67,FIND(" ",AF67)-1) | AF67: =IF(OR(O67="-", P67="-"), "-", IF(MROUND(ABS(O67-P67),0.5)<=0.5, IF(O67>P67, B67 & " ML", H67 & " ML"), IF(MROUND(ABS(O67-P67),0.5)=1, IF(O67>P67, H67 & " +1.5", B67 & " +1.5"), IF(O67>P67, B67 & " -1.5", H67 & " -1.5") ) ) ) | AG67: =_xlfn.LET( _xlpm.winA, O67^1.83 / (O67^1.83 + P67^1.83), _xlpm.winB, 1 - _xlpm.winA, _xlpm.oddsA, IF(_xlpm.winA >= 0.5, "-" & ROUND(_xlpm.winA / (1 - _xlpm.winA) * 100, 0), "+" & ROUND((1 - _xlpm.winA) / _xlpm.winA * 100, 0)), _xlpm.oddsB, IF(_xlpm.winB >= 0.5, "-" & ROUND(_xlpm.winB / (1 - _xlpm.winB) * 100, 0), "+" & ROUND((1 - _xlpm.winB) / _xlpm.winB * 100, 0)), _xlpm.oddsA & " / " & _xlpm.oddsB)
A68: 46112 | B68: ROCKIES | C68: =VLOOKUP(B68, 'MLB Data'!$B$5:$D$34, 3, FALSE) | D68: FELTNER | E68: 4.5 | F68: =VLOOKUP(B68, 'MLB Data'!$F$2:$H$34, 3, FALSE) | G68: =IF((E68*0.6+F68*0.4)<2.5, 2.8, IF((E68*0.6+F68*0.4)>5.5, 5.2, (E68*0.6+F68*0.4))) | H68: BLUE JAYS | I68: =VLOOKUP(H68, 'MLB Data'!$B$5:$D$34, 3, FALSE) | J68: SCHERZER | K68: 4.55 | L68: =VLOOKUP(H68, 'MLB Data'!$F$2:$H$34, 3, FALSE) | M68: =IF((K68*0.6+L68*0.4)<2.5, 2.8, IF((K68*0.6+L68*0.4)>5.5, 5.2, (K68*0.6+L68*0.4))) | O68: =(C68/100) * 4.45 * (M68 / 4.2) * T68 | P68: =(I68/100) * 4.45 * (G68 / 4.2) * T68 | Q68: =(O68+P68) | S68: =H68 | T68: =IF(S68="ROCKIES",1.13,IF(S68="ATHLETICS",1.03,IF(S68="ROYALS",1.03,IF(S68="TWINS",1,IF(S68="TIGERS",1,IF(S68="MARLINS",1.01,IF(S68="REDS",1.05,IF(S68="RED SOX",1.04,IF(S68="YANKEES",1.02,IF(S68="DODGERS",0.99,IF(S68="PADRES",0.96,IF(S68="CUBS",0.98,IF(S68="GIANTS",0.97,IF(S68="MARINERS",0.94,IF(S68="RANGERS",1,IF(S68="ASTROS",0.99,IF(S68="BRAVES",1,IF(S68="METS",0.96,IF(S68="PHILLIES",1.02,IF(S68="BLUE JAYS",1.01,IF(S68="ORIOLES",0.99,IF(S68="RAYS",1.01,IF(S68="GUARDIANS",0.99,IF(S68="WHITE SOX",0.98,IF(S68="ANGELS",1.01,IF(S68="D-BACKS",1.01,IF(S68="BREWERS",0.99,IF(S68="CARDINALS",0.96,IF(S68="PIRATES",1.02,IF(S68="NATIONALS",1,1))))))))))))))))))))))))))))))*IF(W68="",1,(1+((W68-70)/10*0.035)))*IF(U68="DOME",1,IF(U68="IN",1-(V68*0.01),IF(U68="OUT",1+(V68*0.01),IF(OR(U68="L-R",U68="R-L"),1+(V68*0.005),1)))) | U68: DOME | Y68: =B68 & " vs. " & H68 | Z68: =TRIM(LEFT(Y68, FIND("vs.", Y68)-1)) | AA68: =TRIM(MID(Y68, FIND(" vs. ", Y68)+4, 100)) | AB68: =IF(Q68 > VALUE(AC68), "O " & AC68, IF(Q68 < VALUE(AC68), "U " & AC68, AC68)) | AC68: =IF(OR(O68="-", P68="-"), "-", MROUND(O68 + P68, 0.5)) | AD68: =VALUE(TRIM(RIGHT(AF68, LEN(AF68) - FIND(" ", AF68)))) | AE68: =LEFT(AF68,FIND(" ",AF68)-1) | AF68: =IF(OR(O68="-", P68="-"), "-", IF(MROUND(ABS(O68-P68),0.5)<=0.5, IF(O68>P68, B68 & " ML", H68 & " ML"), IF(MROUND(ABS(O68-P68),0.5)=1, IF(O68>P68, H68 & " +1.5", B68 & " +1.5"), IF(O68>P68, B68 & " -1.5", H68 & " -1.5") ) ) ) | AG68: =_xlfn.LET( _xlpm.winA, O68^1.83 / (O68^1.83 + P68^1.83), _xlpm.winB, 1 - _xlpm.winA, _xlpm.oddsA, IF(_xlpm.winA >= 0.5, "-" & ROUND(_xlpm.winA / (1 - _xlpm.winA) * 100, 0), "+" & ROUND((1 - _xlpm.winA) / _xlpm.winA * 100, 0)), _xlpm.oddsB, IF(_xlpm.winB >= 0.5, "-" & ROUND(_xlpm.winB / (1 - _xlpm.winB) * 100, 0), "+" & ROUND((1 - _xlpm.winB) / _xlpm.winB * 100, 0)), _xlpm.oddsA & " / " & _xlpm.oddsB)
A69: 46112 | B69: ATHLETICS | C69: =VLOOKUP(B69, 'MLB Data'!$B$5:$D$34, 3, FALSE) | D69: CIVALE | E69: 4.94 | F69: =VLOOKUP(B69, 'MLB Data'!$F$2:$H$34, 3, FALSE) | G69: =IF((E69*0.6+F69*0.4)<2.5, 2.8, IF((E69*0.6+F69*0.4)>5.5, 5.2, (E69*0.6+F69*0.4))) | H69: BRAVES | I69: =VLOOKUP(H69, 'MLB Data'!$B$5:$D$34, 3, FALSE) | J69: J. SUAREZ | K69: 2.52 | L69: =VLOOKUP(H69, 'MLB Data'!$F$2:$H$34, 3, FALSE) | M69: =IF((K69*0.6+L69*0.4)<2.5, 2.8, IF((K69*0.6+L69*0.4)>5.5, 5.2, (K69*0.6+L69*0.4))) | O69: =(C69/100) * 4.45 * (M69 / 4.2) * T69 | P69: =(I69/100) * 4.45 * (G69 / 4.2) * T69 | Q69: =(O69+P69) | S69: =H69 | T69: =IF(S69="ROCKIES",1.13,IF(S69="ATHLETICS",1.03,IF(S69="ROYALS",1.03,IF(S69="TWINS",1,IF(S69="TIGERS",1,IF(S69="MARLINS",1.01,IF(S69="REDS",1.05,IF(S69="RED SOX",1.04,IF(S69="YANKEES",1.02,IF(S69="DODGERS",0.99,IF(S69="PADRES",0.96,IF(S69="CUBS",0.98,IF(S69="GIANTS",0.97,IF(S69="MARINERS",0.94,IF(S69="RANGERS",1,IF(S69="ASTROS",0.99,IF(S69="BRAVES",1,IF(S69="METS",0.96,IF(S69="PHILLIES",1.02,IF(S69="BLUE JAYS",1.01,IF(S69="ORIOLES",0.99,IF(S69="RAYS",1.01,IF(S69="GUARDIANS",0.99,IF(S69="WHITE SOX",0.98,IF(S69="ANGELS",1.01,IF(S69="D-BACKS",1.01,IF(S69="BREWERS",0.99,IF(S69="CARDINALS",0.96,IF(S69="PIRATES",1.02,IF(S69="NATIONALS",1,1))))))))))))))))))))))))))))))*IF(W69="",1,(1+((W69-70)/10*0.035)))*IF(U69="DOME",1,IF(U69="IN",1-(V69*0.01),IF(U69="OUT",1+(V69*0.01),IF(OR(U69="L-R",U69="R-L"),1+(V69*0.005),1)))) | U69: OUT | W69: 79 | Y69: =B69 & " vs. " & H69 | Z69: =TRIM(LEFT(Y69, FIND("vs.", Y69)-1)) | AA69: =TRIM(MID(Y69, FIND(" vs. ", Y69)+4, 100)) | AB69: =IF(Q69 > VALUE(AC69), "O " & AC69, IF(Q69 < VALUE(AC69), "U " & AC69, AC69)) | AC69: =IF(OR(O69="-", P69="-"), "-", MROUND(O69 + P69, 0.5)) | AD69: =VALUE(TRIM(RIGHT(AF69, LEN(AF69) - FIND(" ", AF69)))) | AE69: =LEFT(AF69,FIND(" ",AF69)-1) | AF69: =IF(OR(O69="-", P69="-"), "-", IF(MROUND(ABS(O69-P69),0.5)<=0.5, IF(O69>P69, B69 & " ML", H69 & " ML"), IF(MROUND(ABS(O69-P69),0.5)=1, IF(O69>P69, H69 & " +1.5", B69 & " +1.5"), IF(O69>P69, B69 & " -1.5", H69 & " -1.5") ) ) ) | AG69: =_xlfn.LET( _xlpm.winA, O69^1.83 / (O69^1.83 + P69^1.83), _xlpm.winB, 1 - _xlpm.winA, _xlpm.oddsA, IF(_xlpm.winA >= 0.5, "-" & ROUND(_xlpm.winA / (1 - _xlpm.winA) * 100, 0), "+" & ROUND((1 - _xlpm.winA) / _xlpm.winA * 100, 0)), _xlpm.oddsB, IF(_xlpm.winB >= 0.5, "-" & ROUND(_xlpm.winB / (1 - _xlpm.winB) * 100, 0), "+" & ROUND((1 - _xlpm.winB) / _xlpm.winB * 100, 0)), _xlpm.oddsA & " / " & _xlpm.oddsB)
A70: 46112 | B70: ANGELS | C70: =VLOOKUP(B70, 'MLB Data'!$B$5:$D$34, 3, FALSE) | D70: SORIANO | E70: 3.37 | F70: =VLOOKUP(B70, 'MLB Data'!$F$2:$H$34, 3, FALSE) | G70: =IF((E70*0.6+F70*0.4)<2.5, 2.8, IF((E70*0.6+F70*0.4)>5.5, 5.2, (E70*0.6+F70*0.4))) | H70: CUBS | I70: =VLOOKUP(H70, 'MLB Data'!$B$5:$D$34, 3, FALSE) | J70: TAILLON | K70: 4.34 | L70: =VLOOKUP(H70, 'MLB Data'!$F$2:$H$34, 3, FALSE) | M70: =IF((K70*0.6+L70*0.4)<2.5, 2.8, IF((K70*0.6+L70*0.4)>5.5, 5.2, (K70*0.6+L70*0.4))) | O70: =(C70/100) * 4.45 * (M70 / 4.2) * T70 | P70: =(I70/100) * 4.45 * (G70 / 4.2) * T70 | Q70: =(O70+P70) | S70: =H70 | T70: =IF(S70="ROCKIES",1.13,IF(S70="ATHLETICS",1.03,IF(S70="ROYALS",1.03,IF(S70="TWINS",1,IF(S70="TIGERS",1,IF(S70="MARLINS",1.01,IF(S70="REDS",1.05,IF(S70="RED SOX",1.04,IF(S70="YANKEES",1.02,IF(S70="DODGERS",0.99,IF(S70="PADRES",0.96,IF(S70="CUBS",0.98,IF(S70="GIANTS",0.97,IF(S70="MARINERS",0.94,IF(S70="RANGERS",1,IF(S70="ASTROS",0.99,IF(S70="BRAVES",1,IF(S70="METS",0.96,IF(S70="PHILLIES",1.02,IF(S70="BLUE JAYS",1.01,IF(S70="ORIOLES",0.99,IF(S70="RAYS",1.01,IF(S70="GUARDIANS",0.99,IF(S70="WHITE SOX",0.98,IF(S70="ANGELS",1.01,IF(S70="D-BACKS",1.01,IF(S70="BREWERS",0.99,IF(S70="CARDINALS",0.96,IF(S70="PIRATES",1.02,IF(S70="NATIONALS",1,1))))))))))))))))))))))))))))))*IF(W70="",1,(1+((W70-70)/10*0.035)))*IF(U70="DOME",1,IF(U70="IN",1-(V70*0.01),IF(U70="OUT",1+(V70*0.01),IF(OR(U70="L-R",U70="R-L"),1+(V70*0.005),1)))) | U70: IN | W70: 46 | Y70: =B70 & " vs. " & H70 | Z70: =TRIM(LEFT(Y70, FIND("vs.", Y70)-1)) | AA70: =TRIM(MID(Y70, FIND(" vs. ", Y70)+4, 100)) | AB70: =IF(Q70 > VALUE(AC70), "O " & AC70, IF(Q70 < VALUE(AC70), "U " & AC70, AC70)) | AC70: =IF(OR(O70="-", P70="-"), "-", MROUND(O70 + P70, 0.5)) | AD70: =VALUE(TRIM(RIGHT(AF70, LEN(AF70) - FIND(" ", AF70)))) | AE70: =LEFT(AF70,FIND(" ",AF70)-1) | AF70: =IF(OR(O70="-", P70="-"), "-", IF(MROUND(ABS(O70-P70),0.5)<=0.5, IF(O70>P70, B70 & " ML", H70 & " ML"), IF(MROUND(ABS(O70-P70),0.5)=1, IF(O70>P70, H70 & " +1.5", B70 & " +1.5"), IF(O70>P70, B70 & " -1.5", H70 & " -1.5") ) ) ) | AG70: =_xlfn.LET( _xlpm.winA, O70^1.83 / (O70^1.83 + P70^1.83), _xlpm.winB, 1 - _xlpm.winA, _xlpm.oddsA, IF(_xlpm.winA >= 0.5, "-" & ROUND(_xlpm.winA / (1 - _xlpm.winA) * 100, 0), "+" & ROUND((1 - _xlpm.winA) / _xlpm.winA * 100, 0)), _xlpm.oddsB, IF(_xlpm.winB >= 0.5, "-" & ROUND(_xlpm.winB / (1 - _xlpm.winB) * 100, 0), "+" & ROUND((1 - _xlpm.winB) / _xlpm.winB * 100, 0)), _xlpm.oddsA & " / " & _xlpm.oddsB)
A71: 46112 | B71: RAYS | C71: =VLOOKUP(B71, 'MLB Data'!$B$5:$D$34, 3, FALSE) | D71: MCLANAHAN | E71: 3.84 | F71: =VLOOKUP(B71, 'MLB Data'!$F$2:$H$34, 3, FALSE) | G71: =IF((E71*0.6+F71*0.4)<2.5, 2.8, IF((E71*0.6+F71*0.4)>5.5, 5.2, (E71*0.6+F71*0.4))) | H71: BREWERS | I71: =VLOOKUP(H71, 'MLB Data'!$B$5:$D$34, 3, FALSE) | J71: WOODRUFF | K71: 3.24 | L71: =VLOOKUP(H71, 'MLB Data'!$F$2:$H$34, 3, FALSE) | M71: =IF((K71*0.6+L71*0.4)<2.5, 2.8, IF((K71*0.6+L71*0.4)>5.5, 5.2, (K71*0.6+L71*0.4))) | O71: =(C71/100) * 4.45 * (M71 / 4.2) * T71 | P71: =(I71/100) * 4.45 * (G71 / 4.2) * T71 | Q71: =(O71+P71) | S71: =H71 | T71: =IF(S71="ROCKIES",1.13,IF(S71="ATHLETICS",1.03,IF(S71="ROYALS",1.03,IF(S71="TWINS",1,IF(S71="TIGERS",1,IF(S71="MARLINS",1.01,IF(S71="REDS",1.05,IF(S71="RED SOX",1.04,IF(S71="YANKEES",1.02,IF(S71="DODGERS",0.99,IF(S71="PADRES",0.96,IF(S71="CUBS",0.98,IF(S71="GIANTS",0.97,IF(S71="MARINERS",0.94,IF(S71="RANGERS",1,IF(S71="ASTROS",0.99,IF(S71="BRAVES",1,IF(S71="METS",0.96,IF(S71="PHILLIES",1.02,IF(S71="BLUE JAYS",1.01,IF(S71="ORIOLES",0.99,IF(S71="RAYS",1.01,IF(S71="GUARDIANS",0.99,IF(S71="WHITE SOX",0.98,IF(S71="ANGELS",1.01,IF(S71="D-BACKS",1.01,IF(S71="BREWERS",0.99,IF(S71="CARDINALS",0.96,IF(S71="PIRATES",1.02,IF(S71="NATIONALS",1,1))))))))))))))))))))))))))))))*IF(W71="",1,(1+((W71-70)/10*0.035)))*IF(U71="DOME",1,IF(U71="IN",1-(V71*0.01),IF(U71="OUT",1+(V71*0.01),IF(OR(U71="L-R",U71="R-L"),1+(V71*0.005),1)))) | U71: DOME | Y71: =B71 & " vs. " & H71 | Z71: =TRIM(LEFT(Y71, FIND("vs.", Y71)-1)) | AA71: =TRIM(MID(Y71, FIND(" vs. ", Y71)+4, 100)) | AB71: =IF(Q71 > VALUE(AC71), "O " & AC71, IF(Q71 < VALUE(AC71), "U " & AC71, AC71)) | AC71: =IF(OR(O71="-", P71="-"), "-", MROUND(O71 + P71, 0.5)) | AD71: =VALUE(TRIM(RIGHT(AF71, LEN(AF71) - FIND(" ", AF71)))) | AE71: =LEFT(AF71,FIND(" ",AF71)-1) | AF71: =IF(OR(O71="-", P71="-"), "-", IF(MROUND(ABS(O71-P71),0.5)<=0.5, IF(O71>P71, B71 & " ML", H71 & " ML"), IF(MROUND(ABS(O71-P71),0.5)=1, IF(O71>P71, H71 & " +1.5", B71 & " +1.5"), IF(O71>P71, B71 & " -1.5", H71 & " -1.5") ) ) ) | AG71: =_xlfn.LET( _xlpm.winA, O71^1.83 / (O71^1.83 + P71^1.83), _xlpm.winB, 1 - _xlpm.winA, _xlpm.oddsA, IF(_xlpm.winA >= 0.5, "-" & ROUND(_xlpm.winA / (1 - _xlpm.winA) * 100, 0), "+" & ROUND((1 - _xlpm.winA) / _xlpm.winA * 100, 0)), _xlpm.oddsB, IF(_xlpm.winB >= 0.5, "-" & ROUND(_xlpm.winB / (1 - _xlpm.winB) * 100, 0), "+" & ROUND((1 - _xlpm.winB) / _xlpm.winB * 100, 0)), _xlpm.oddsA & " / " & _xlpm.oddsB)
A72: 46112 | B72: METS | C72: =VLOOKUP(B72, 'MLB Data'!$B$5:$D$34, 3, FALSE) | D72: SENGA | E72: 4.35 | F72: =VLOOKUP(B72, 'MLB Data'!$F$2:$H$34, 3, FALSE) | G72: =IF((E72*0.6+F72*0.4)<2.5, 2.8, IF((E72*0.6+F72*0.4)>5.5, 5.2, (E72*0.6+F72*0.4))) | H72: CARDINALS | I72: =VLOOKUP(H72, 'MLB Data'!$B$5:$D$34, 3, FALSE) | J72: PALLANTE | K72: 4.16 | L72: =VLOOKUP(H72, 'MLB Data'!$F$2:$H$34, 3, FALSE) | M72: =IF((K72*0.6+L72*0.4)<2.5, 2.8, IF((K72*0.6+L72*0.4)>5.5, 5.2, (K72*0.6+L72*0.4))) | O72: =(C72/100) * 4.45 * (M72 / 4.2) * T72 | P72: =(I72/100) * 4.45 * (G72 / 4.2) * T72 | Q72: =(O72+P72) | S72: =H72 | T72: =IF(S72="ROCKIES",1.13,IF(S72="ATHLETICS",1.03,IF(S72="ROYALS",1.03,IF(S72="TWINS",1,IF(S72="TIGERS",1,IF(S72="MARLINS",1.01,IF(S72="REDS",1.05,IF(S72="RED SOX",1.04,IF(S72="YANKEES",1.02,IF(S72="DODGERS",0.99,IF(S72="PADRES",0.96,IF(S72="CUBS",0.98,IF(S72="GIANTS",0.97,IF(S72="MARINERS",0.94,IF(S72="RANGERS",1,IF(S72="ASTROS",0.99,IF(S72="BRAVES",1,IF(S72="METS",0.96,IF(S72="PHILLIES",1.02,IF(S72="BLUE JAYS",1.01,IF(S72="ORIOLES",0.99,IF(S72="RAYS",1.01,IF(S72="GUARDIANS",0.99,IF(S72="WHITE SOX",0.98,IF(S72="ANGELS",1.01,IF(S72="D-BACKS",1.01,IF(S72="BREWERS",0.99,IF(S72="CARDINALS",0.96,IF(S72="PIRATES",1.02,IF(S72="NATIONALS",1,1))))))))))))))))))))))))))))))*IF(W72="",1,(1+((W72-70)/10*0.035)))*IF(U72="DOME",1,IF(U72="IN",1-(V72*0.01),IF(U72="OUT",1+(V72*0.01),IF(OR(U72="L-R",U72="R-L"),1+(V72*0.005),1)))) | U72: OUT | W72: 84 | Y72: =B72 & " vs. " & H72 | Z72: =TRIM(LEFT(Y72, FIND("vs.", Y72)-1)) | AA72: =TRIM(MID(Y72, FIND(" vs. ", Y72)+4, 100)) | AB72: =IF(Q72 > VALUE(AC72), "O " & AC72, IF(Q72 < VALUE(AC72), "U " & AC72, AC72)) | AC72: =IF(OR(O72="-", P72="-"), "-", MROUND(O72 + P72, 0.5)) | AD72: =VALUE(TRIM(RIGHT(AF72, LEN(AF72) - FIND(" ", AF72)))) | AE72: =LEFT(AF72,FIND(" ",AF72)-1) | AF72: =IF(OR(O72="-", P72="-"), "-", IF(MROUND(ABS(O72-P72),0.5)<=0.5, IF(O72>P72, B72 & " ML", H72 & " ML"), IF(MROUND(ABS(O72-P72),0.5)=1, IF(O72>P72, H72 & " +1.5", B72 & " +1.5"), IF(O72>P72, B72 & " -1.5", H72 & " -1.5") ) ) ) | AG72: =_xlfn.LET( _xlpm.winA, O72^1.83 / (O72^1.83 + P72^1.83), _xlpm.winB, 1 - _xlpm.winA, _xlpm.oddsA, IF(_xlpm.winA >= 0.5, "-" & ROUND(_xlpm.winA / (1 - _xlpm.winA) * 100, 0), "+" & ROUND((1 - _xlpm.winA) / _xlpm.winA * 100, 0)), _xlpm.oddsB, IF(_xlpm.winB >= 0.5, "-" & ROUND(_xlpm.winB / (1 - _xlpm.winB) * 100, 0), "+" & ROUND((1 - _xlpm.winB) / _xlpm.winB * 100, 0)), _xlpm.oddsA & " / " & _xlpm.oddsB)
A73: 46112 | B73: RED SOX | C73: =VLOOKUP(B73, 'MLB Data'!$B$5:$D$34, 3, FALSE) | D73: BELLO | E73: 4.38 | F73: =VLOOKUP(B73, 'MLB Data'!$F$2:$H$34, 3, FALSE) | G73: =IF((E73*0.6+F73*0.4)<2.5, 2.8, IF((E73*0.6+F73*0.4)>5.5, 5.2, (E73*0.6+F73*0.4))) | H73: ASTROS | I73: =VLOOKUP(H73, 'MLB Data'!$B$5:$D$34, 3, FALSE) | J73: BROWN | K73: 2.24 | L73: =VLOOKUP(H73, 'MLB Data'!$F$2:$H$34, 3, FALSE) | M73: =IF((K73*0.6+L73*0.4)<2.5, 2.8, IF((K73*0.6+L73*0.4)>5.5, 5.2, (K73*0.6+L73*0.4))) | O73: =(C73/100) * 4.45 * (M73 / 4.2) * T73 | P73: =(I73/100) * 4.45 * (G73 / 4.2) * T73 | Q73: =(O73+P73) | S73: =H73 | T73: =IF(S73="ROCKIES",1.13,IF(S73="ATHLETICS",1.03,IF(S73="ROYALS",1.03,IF(S73="TWINS",1,IF(S73="TIGERS",1,IF(S73="MARLINS",1.01,IF(S73="REDS",1.05,IF(S73="RED SOX",1.04,IF(S73="YANKEES",1.02,IF(S73="DODGERS",0.99,IF(S73="PADRES",0.96,IF(S73="CUBS",0.98,IF(S73="GIANTS",0.97,IF(S73="MARINERS",0.94,IF(S73="RANGERS",1,IF(S73="ASTROS",0.99,IF(S73="BRAVES",1,IF(S73="METS",0.96,IF(S73="PHILLIES",1.02,IF(S73="BLUE JAYS",1.01,IF(S73="ORIOLES",0.99,IF(S73="RAYS",1.01,IF(S73="GUARDIANS",0.99,IF(S73="WHITE SOX",0.98,IF(S73="ANGELS",1.01,IF(S73="D-BACKS",1.01,IF(S73="BREWERS",0.99,IF(S73="CARDINALS",0.96,IF(S73="PIRATES",1.02,IF(S73="NATIONALS",1,1))))))))))))))))))))))))))))))*IF(W73="",1,(1+((W73-70)/10*0.035)))*IF(U73="DOME",1,IF(U73="IN",1-(V73*0.01),IF(U73="OUT",1+(V73*0.01),IF(OR(U73="L-R",U73="R-L"),1+(V73*0.005),1)))) | U73: DOME | Y73: =B73 & " vs. " & H73 | Z73: =TRIM(LEFT(Y73, FIND("vs.", Y73)-1)) | AA73: =TRIM(MID(Y73, FIND(" vs. ", Y73)+4, 100)) | AB73: =IF(Q73 > VALUE(AC73), "O " & AC73, IF(Q73 < VALUE(AC73), "U " & AC73, AC73)) | AC73: =IF(OR(O73="-", P73="-"), "-", MROUND(O73 + P73, 0.5)) | AD73: =VALUE(TRIM(RIGHT(AF73, LEN(AF73) - FIND(" ", AF73)))) | AE73: =LEFT(AF73,FIND(" ",AF73)-1) | AF73: =IF(OR(O73="-", P73="-"), "-", IF(MROUND(ABS(O73-P73),0.5)<=0.5, IF(O73>P73, B73 & " ML", H73 & " ML"), IF(MROUND(ABS(O73-P73),0.5)=1, IF(O73>P73, H73 & " +1.5", B73 & " +1.5"), IF(O73>P73, B73 & " -1.5", H73 & " -1.5") ) ) ) | AG73: =_xlfn.LET( _xlpm.winA, O73^1.83 / (O73^1.83 + P73^1.83), _xlpm.winB, 1 - _xlpm.winA, _xlpm.oddsA, IF(_xlpm.winA >= 0.5, "-" & ROUND(_xlpm.winA / (1 - _xlpm.winA) * 100, 0), "+" & ROUND((1 - _xlpm.winA) / _xlpm.winA * 100, 0)), _xlpm.oddsB, IF(_xlpm.winB >= 0.5, "-" & ROUND(_xlpm.winB / (1 - _xlpm.winB) * 100, 0), "+" & ROUND((1 - _xlpm.winB) / _xlpm.winB * 100, 0)), _xlpm.oddsA & " / " & _xlpm.oddsB)
A74: 46112 | B74: TIGERS | C74: =VLOOKUP(B74, 'MLB Data'!$B$5:$D$34, 3, FALSE) | D74: MIZE | E74: 3.97 | F74: =VLOOKUP(B74, 'MLB Data'!$F$2:$H$34, 3, FALSE) | G74: =IF((E74*0.6+F74*0.4)<2.5, 2.8, IF((E74*0.6+F74*0.4)>5.5, 5.2, (E74*0.6+F74*0.4))) | H74: D-BACKS | I74: =VLOOKUP(H74, 'MLB Data'!$B$5:$D$34, 3, FALSE) | J74: PFAADT | K74: 4.01 | L74: =VLOOKUP(H74, 'MLB Data'!$F$2:$H$34, 3, FALSE) | M74: =IF((K74*0.6+L74*0.4)<2.5, 2.8, IF((K74*0.6+L74*0.4)>5.5, 5.2, (K74*0.6+L74*0.4))) | O74: =(C74/100) * 4.45 * (M74 / 4.2) * T74 | P74: =(I74/100) * 4.45 * (G74 / 4.2) * T74 | Q74: =(O74+P74) | S74: =H74 | T74: =IF(S74="ROCKIES",1.13,IF(S74="ATHLETICS",1.03,IF(S74="ROYALS",1.03,IF(S74="TWINS",1,IF(S74="TIGERS",1,IF(S74="MARLINS",1.01,IF(S74="REDS",1.05,IF(S74="RED SOX",1.04,IF(S74="YANKEES",1.02,IF(S74="DODGERS",0.99,IF(S74="PADRES",0.96,IF(S74="CUBS",0.98,IF(S74="GIANTS",0.97,IF(S74="MARINERS",0.94,IF(S74="RANGERS",1,IF(S74="ASTROS",0.99,IF(S74="BRAVES",1,IF(S74="METS",0.96,IF(S74="PHILLIES",1.02,IF(S74="BLUE JAYS",1.01,IF(S74="ORIOLES",0.99,IF(S74="RAYS",1.01,IF(S74="GUARDIANS",0.99,IF(S74="WHITE SOX",0.98,IF(S74="ANGELS",1.01,IF(S74="D-BACKS",1.01,IF(S74="BREWERS",0.99,IF(S74="CARDINALS",0.96,IF(S74="PIRATES",1.02,IF(S74="NATIONALS",1,1))))))))))))))))))))))))))))))*IF(W74="",1,(1+((W74-70)/10*0.035)))*IF(U74="DOME",1,IF(U74="IN",1-(V74*0.01),IF(U74="OUT",1+(V74*0.01),IF(OR(U74="L-R",U74="R-L"),1+(V74*0.005),1)))) | U74: DOME | Y74: =B74 & " vs. " & H74 | Z74: =TRIM(LEFT(Y74, FIND("vs.", Y74)-1)) | AA74: =TRIM(MID(Y74, FIND(" vs. ", Y74)+4, 100)) | AB74: =IF(Q74 > VALUE(AC74), "O " & AC74, IF(Q74 < VALUE(AC74), "U " & AC74, AC74)) | AC74: =IF(OR(O74="-", P74="-"), "-", MROUND(O74 + P74, 0.5)) | AD74: =VALUE(TRIM(RIGHT(AF74, LEN(AF74) - FIND(" ", AF74)))) | AE74: =LEFT(AF74,FIND(" ",AF74)-1) | AF74: =IF(OR(O74="-", P74="-"), "-", IF(MROUND(ABS(O74-P74),0.5)<=0.5, IF(O74>P74, B74 & " ML", H74 & " ML"), IF(MROUND(ABS(O74-P74),0.5)=1, IF(O74>P74, H74 & " +1.5", B74 & " +1.5"), IF(O74>P74, B74 & " -1.5", H74 & " -1.5") ) ) ) | AG74: =_xlfn.LET( _xlpm.winA, O74^1.83 / (O74^1.83 + P74^1.83), _xlpm.winB, 1 - _xlpm.winA, _xlpm.oddsA, IF(_xlpm.winA >= 0.5, "-" & ROUND(_xlpm.winA / (1 - _xlpm.winA) * 100, 0), "+" & ROUND((1 - _xlpm.winA) / _xlpm.winA * 100, 0)), _xlpm.oddsB, IF(_xlpm.winB >= 0.5, "-" & ROUND(_xlpm.winB / (1 - _xlpm.winB) * 100, 0), "+" & ROUND((1 - _xlpm.winB) / _xlpm.winB * 100, 0)), _xlpm.oddsA & " / " & _xlpm.oddsB)
A75: 46112 | B75: GIANTS | C75: =VLOOKUP(B75, 'MLB Data'!$B$5:$D$34, 3, FALSE) | D75: WEBB | E75: 2.79 | F75: =VLOOKUP(B75, 'MLB Data'!$F$2:$H$34, 3, FALSE) | G75: =IF((E75*0.6+F75*0.4)<2.5, 2.8, IF((E75*0.6+F75*0.4)>5.5, 5.2, (E75*0.6+F75*0.4))) | H75: PADRES | I75: =VLOOKUP(H75, 'MLB Data'!$B$5:$D$34, 3, FALSE) | J75: MARQUEZ | K75: 5.35 | L75: =VLOOKUP(H75, 'MLB Data'!$F$2:$H$34, 3, FALSE) | M75: =IF((K75*0.6+L75*0.4)<2.5, 2.8, IF((K75*0.6+L75*0.4)>5.5, 5.2, (K75*0.6+L75*0.4))) | O75: =(C75/100) * 4.45 * (M75 / 4.2) * T75 | P75: =(I75/100) * 4.45 * (G75 / 4.2) * T75 | Q75: =(O75+P75) | S75: =H75 | T75: =IF(S75="ROCKIES",1.13,IF(S75="ATHLETICS",1.03,IF(S75="ROYALS",1.03,IF(S75="TWINS",1,IF(S75="TIGERS",1,IF(S75="MARLINS",1.01,IF(S75="REDS",1.05,IF(S75="RED SOX",1.04,IF(S75="YANKEES",1.02,IF(S75="DODGERS",0.99,IF(S75="PADRES",0.96,IF(S75="CUBS",0.98,IF(S75="GIANTS",0.97,IF(S75="MARINERS",0.94,IF(S75="RANGERS",1,IF(S75="ASTROS",0.99,IF(S75="BRAVES",1,IF(S75="METS",0.96,IF(S75="PHILLIES",1.02,IF(S75="BLUE JAYS",1.01,IF(S75="ORIOLES",0.99,IF(S75="RAYS",1.01,IF(S75="GUARDIANS",0.99,IF(S75="WHITE SOX",0.98,IF(S75="ANGELS",1.01,IF(S75="D-BACKS",1.01,IF(S75="BREWERS",0.99,IF(S75="CARDINALS",0.96,IF(S75="PIRATES",1.02,IF(S75="NATIONALS",1,1))))))))))))))))))))))))))))))*IF(W75="",1,(1+((W75-70)/10*0.035)))*IF(U75="DOME",1,IF(U75="IN",1-(V75*0.01),IF(U75="OUT",1+(V75*0.01),IF(OR(U75="L-R",U75="R-L"),1+(V75*0.005),1)))) | U75: OUT | W75: 66 | Y75: =B75 & " vs. " & H75 | Z75: =TRIM(LEFT(Y75, FIND("vs.", Y75)-1)) | AA75: =TRIM(MID(Y75, FIND(" vs. ", Y75)+4, 100)) | AB75: =IF(Q75 > VALUE(AC75), "O " & AC75, IF(Q75 < VALUE(AC75), "U " & AC75, AC75)) | AC75: =IF(OR(O75="-", P75="-"), "-", MROUND(O75 + P75, 0.5)) | AD75: =VALUE(TRIM(RIGHT(AF75, LEN(AF75) - FIND(" ", AF75)))) | AE75: =LEFT(AF75,FIND(" ",AF75)-1) | AF75: =IF(OR(O75="-", P75="-"), "-", IF(MROUND(ABS(O75-P75),0.5)<=0.5, IF(O75>P75, B75 & " ML", H75 & " ML"), IF(MROUND(ABS(O75-P75),0.5)=1, IF(O75>P75, H75 & " +1.5", B75 & " +1.5"), IF(O75>P75, B75 & " -1.5", H75 & " -1.5") ) ) ) | AG75: =_xlfn.LET( _xlpm.winA, O75^1.83 / (O75^1.83 + P75^1.83), _xlpm.winB, 1 - _xlpm.winA, _xlpm.oddsA, IF(_xlpm.winA >= 0.5, "-" & ROUND(_xlpm.winA / (1 - _xlpm.winA) * 100, 0), "+" & ROUND((1 - _xlpm.winA) / _xlpm.winA * 100, 0)), _xlpm.oddsB, IF(_xlpm.winB >= 0.5, "-" & ROUND(_xlpm.winB / (1 - _xlpm.winB) * 100, 0), "+" & ROUND((1 - _xlpm.winB) / _xlpm.winB * 100, 0)), _xlpm.oddsA & " / " & _xlpm.oddsB)
A76: 46112 | B76: YANKEES | C76: =VLOOKUP(B76, 'MLB Data'!$B$5:$D$34, 3, FALSE) | D76: FRIED | E76: 4.29 | F76: =VLOOKUP(B76, 'MLB Data'!$F$2:$H$34, 3, FALSE) | G76: =IF((E76*0.6+F76*0.4)<2.5, 2.8, IF((E76*0.6+F76*0.4)>5.5, 5.2, (E76*0.6+F76*0.4))) | H76: MARINERS | I76: =VLOOKUP(H76, 'MLB Data'!$B$5:$D$34, 3, FALSE) | J76: GILBERT | K76: 3.08 | L76: =VLOOKUP(H76, 'MLB Data'!$F$2:$H$34, 3, FALSE) | M76: =IF((K76*0.6+L76*0.4)<2.5, 2.8, IF((K76*0.6+L76*0.4)>5.5, 5.2, (K76*0.6+L76*0.4))) | O76: =(C76/100) * 4.45 * (M76 / 4.2) * T76 | P76: =(I76/100) * 4.45 * (G76 / 4.2) * T76 | Q76: =(O76+P76) | S76: =H76 | T76: =IF(S76="ROCKIES",1.13,IF(S76="ATHLETICS",1.03,IF(S76="ROYALS",1.03,IF(S76="TWINS",1,IF(S76="TIGERS",1,IF(S76="MARLINS",1.01,IF(S76="REDS",1.05,IF(S76="RED SOX",1.04,IF(S76="YANKEES",1.02,IF(S76="DODGERS",0.99,IF(S76="PADRES",0.96,IF(S76="CUBS",0.98,IF(S76="GIANTS",0.97,IF(S76="MARINERS",0.94,IF(S76="RANGERS",1,IF(S76="ASTROS",0.99,IF(S76="BRAVES",1,IF(S76="METS",0.96,IF(S76="PHILLIES",1.02,IF(S76="BLUE JAYS",1.01,IF(S76="ORIOLES",0.99,IF(S76="RAYS",1.01,IF(S76="GUARDIANS",0.99,IF(S76="WHITE SOX",0.98,IF(S76="ANGELS",1.01,IF(S76="D-BACKS",1.01,IF(S76="BREWERS",0.99,IF(S76="CARDINALS",0.96,IF(S76="PIRATES",1.02,IF(S76="NATIONALS",1,1))))))))))))))))))))))))))))))*IF(W76="",1,(1+((W76-70)/10*0.035)))*IF(U76="DOME",1,IF(U76="IN",1-(V76*0.01),IF(U76="OUT",1+(V76*0.01),IF(OR(U76="L-R",U76="R-L"),1+(V76*0.005),1)))) | U76: DOME | Y76: =B76 & " vs. " & H76 | Z76: =TRIM(LEFT(Y76, FIND("vs.", Y76)-1)) | AA76: =TRIM(MID(Y76, FIND(" vs. ", Y76)+4, 100)) | AB76: =IF(Q76 > VALUE(AC76), "O " & AC76, IF(Q76 < VALUE(AC76), "U " & AC76, AC76)) | AC76: =IF(OR(O76="-", P76="-"), "-", MROUND(O76 + P76, 0.5)) | AD76: =VALUE(TRIM(RIGHT(AF76, LEN(AF76) - FIND(" ", AF76)))) | AE76: =LEFT(AF76,FIND(" ",AF76)-1) | AF76: =IF(OR(O76="-", P76="-"), "-", IF(MROUND(ABS(O76-P76),0.5)<=0.5, IF(O76>P76, B76 & " ML", H76 & " ML"), IF(MROUND(ABS(O76-P76),0.5)=1, IF(O76>P76, H76 & " +1.5", B76 & " +1.5"), IF(O76>P76, B76 & " -1.5", H76 & " -1.5") ) ) ) | AG76: =_xlfn.LET( _xlpm.winA, O76^1.83 / (O76^1.83 + P76^1.83), _xlpm.winB, 1 - _xlpm.winA, _xlpm.oddsA, IF(_xlpm.winA >= 0.5, "-" & ROUND(_xlpm.winA / (1 - _xlpm.winA) * 100, 0), "+" & ROUND((1 - _xlpm.winA) / _xlpm.winA * 100, 0)), _xlpm.oddsB, IF(_xlpm.winB >= 0.5, "-" & ROUND(_xlpm.winB / (1 - _xlpm.winB) * 100, 0), "+" & ROUND((1 - _xlpm.winB) / _xlpm.winB * 100, 0)), _xlpm.oddsA & " / " & _xlpm.oddsB)
A77: 46112 | B77: GUARDIANS | C77: =VLOOKUP(B77, 'MLB Data'!$B$5:$D$34, 3, FALSE) | D77: BIBEE | E77: 2.79 | F77: =VLOOKUP(B77, 'MLB Data'!$F$2:$H$34, 3, FALSE) | G77: =IF((E77*0.6+F77*0.4)<2.5, 2.8, IF((E77*0.6+F77*0.4)>5.5, 5.2, (E77*0.6+F77*0.4))) | H77: DODGERS | I77: =VLOOKUP(H77, 'MLB Data'!$B$5:$D$34, 3, FALSE) | J77: OHTANI | K77: 2.45 | L77: =VLOOKUP(H77, 'MLB Data'!$F$2:$H$34, 3, FALSE) | M77: =IF((K77*0.6+L77*0.4)<2.5, 2.8, IF((K77*0.6+L77*0.4)>5.5, 5.2, (K77*0.6+L77*0.4))) | O77: =(C77/100) * 4.45 * (M77 / 4.2) * T77 | P77: =(I77/100) * 4.45 * (G77 / 4.2) * T77 | Q77: =(O77+P77) | S77: =H77 | T77: =IF(S77="ROCKIES",1.13,IF(S77="ATHLETICS",1.03,IF(S77="ROYALS",1.03,IF(S77="TWINS",1,IF(S77="TIGERS",1,IF(S77="MARLINS",1.01,IF(S77="REDS",1.05,IF(S77="RED SOX",1.04,IF(S77="YANKEES",1.02,IF(S77="DODGERS",0.99,IF(S77="PADRES",0.96,IF(S77="CUBS",0.98,IF(S77="GIANTS",0.97,IF(S77="MARINERS",0.94,IF(S77="RANGERS",1,IF(S77="ASTROS",0.99,IF(S77="BRAVES",1,IF(S77="METS",0.96,IF(S77="PHILLIES",1.02,IF(S77="BLUE JAYS",1.01,IF(S77="ORIOLES",0.99,IF(S77="RAYS",1.01,IF(S77="GUARDIANS",0.99,IF(S77="WHITE SOX",0.98,IF(S77="ANGELS",1.01,IF(S77="D-BACKS",1.01,IF(S77="BREWERS",0.99,IF(S77="CARDINALS",0.96,IF(S77="PIRATES",1.02,IF(S77="NATIONALS",1,1))))))))))))))))))))))))))))))*IF(W77="",1,(1+((W77-70)/10*0.035)))*IF(U77="DOME",1,IF(U77="IN",1-(V77*0.01),IF(U77="OUT",1+(V77*0.01),IF(OR(U77="L-R",U77="R-L"),1+(V77*0.005),1)))) | U77: OUT | W77: 63 | Y77: =B77 & " vs. " & H77 | Z77: =TRIM(LEFT(Y77, FIND("vs.", Y77)-1)) | AA77: =TRIM(MID(Y77, FIND(" vs. ", Y77)+4, 100)) | AB77: =IF(Q77 > VALUE(AC77), "O " & AC77, IF(Q77 < VALUE(AC77), "U " & AC77, AC77)) | AC77: =IF(OR(O77="-", P77="-"), "-", MROUND(O77 + P77, 0.5)) | AD77: =VALUE(TRIM(RIGHT(AF77, LEN(AF77) - FIND(" ", AF77)))) | AE77: =LEFT(AF77,FIND(" ",AF77)-1) | AF77: =IF(OR(O77="-", P77="-"), "-", IF(MROUND(ABS(O77-P77),0.5)<=0.5, IF(O77>P77, B77 & " ML", H77 & " ML"), IF(MROUND(ABS(O77-P77),0.5)=1, IF(O77>P77, H77 & " +1.5", B77 & " +1.5"), IF(O77>P77, B77 & " -1.5", H77 & " -1.5") ) ) ) | AG77: =_xlfn.LET( _xlpm.winA, O77^1.83 / (O77^1.83 + P77^1.83), _xlpm.winB, 1 - _xlpm.winA, _xlpm.oddsA, IF(_xlpm.winA >= 0.5, "-" & ROUND(_xlpm.winA / (1 - _xlpm.winA) * 100, 0), "+" & ROUND((1 - _xlpm.winA) / _xlpm.winA * 100, 0)), _xlpm.oddsB, IF(_xlpm.winB >= 0.5, "-" & ROUND(_xlpm.winB / (1 - _xlpm.winB) * 100, 0), "+" & ROUND((1 - _xlpm.winB) / _xlpm.winB * 100, 0)), _xlpm.oddsA & " / " & _xlpm.oddsB)
A78: 46113 | B78: ATHLETICS | C78: =VLOOKUP(B78, 'MLB Data'!$B$5:$D$34, 3, FALSE) | D78: SEVERINO | F78: =VLOOKUP(B78, 'MLB Data'!$F$2:$H$34, 3, FALSE) | G78: =IF((E78*0.6+F78*0.4)<2.5, 2.8, IF((E78*0.6+F78*0.4)>5.5, 5.2, (E78*0.6+F78*0.4))) | H78: BRAVES | I78: =VLOOKUP(H78, 'MLB Data'!$B$5:$D$34, 3, FALSE) | J78: SALE | L78: =VLOOKUP(H78, 'MLB Data'!$F$2:$H$34, 3, FALSE) | M78: =IF((K78*0.6+L78*0.4)<2.5, 2.8, IF((K78*0.6+L78*0.4)>5.5, 5.2, (K78*0.6+L78*0.4))) | O78: =(C78/100) * 4.45 * (M78 / 4.2) * T78 | P78: =(I78/100) * 4.45 * (G78 / 4.2) * T78 | Q78: =(O78+P78) | S78: =H78 | T78: =IF(S78="ROCKIES",1.13,IF(S78="ATHLETICS",1.03,IF(S78="ROYALS",1.03,IF(S78="TWINS",1,IF(S78="TIGERS",1,IF(S78="MARLINS",1.01,IF(S78="REDS",1.05,IF(S78="RED SOX",1.04,IF(S78="YANKEES",1.02,IF(S78="DODGERS",0.99,IF(S78="PADRES",0.96,IF(S78="CUBS",0.98,IF(S78="GIANTS",0.97,IF(S78="MARINERS",0.94,IF(S78="RANGERS",1,IF(S78="ASTROS",0.99,IF(S78="BRAVES",1,IF(S78="METS",0.96,IF(S78="PHILLIES",1.02,IF(S78="BLUE JAYS",1.01,IF(S78="ORIOLES",0.99,IF(S78="RAYS",1.01,IF(S78="GUARDIANS",0.99,IF(S78="WHITE SOX",0.98,IF(S78="ANGELS",1.01,IF(S78="D-BACKS",1.01,IF(S78="BREWERS",0.99,IF(S78="CARDINALS",0.96,IF(S78="PIRATES",1.02,IF(S78="NATIONALS",1,1))))))))))))))))))))))))))))))*IF(W78="",1,(1+((W78-70)/10*0.035)))*IF(U78="DOME",1,IF(U78="IN",1-(V78*0.01),IF(U78="OUT",1+(V78*0.01),IF(OR(U78="L-R",U78="R-L"),1+(V78*0.005),1)))) | U78: OUT | W78: 63 | Y78: =B78 & " vs. " & H78 | Z78: =TRIM(LEFT(Y78, FIND("vs.", Y78)-1)) | AA78: =TRIM(MID(Y78, FIND(" vs. ", Y78)+4, 100)) | AB78: =IF(Q78 > VALUE(AC78), "O " & AC78, IF(Q78 < VALUE(AC78), "U " & AC78, AC78)) | AC78: =IF(OR(O78="-", P78="-"), "-", MROUND(O78 + P78, 0.5)) | AD78: =VALUE(TRIM(RIGHT(AF78, LEN(AF78) - FIND(" ", AF78)))) | AE78: =LEFT(AF78,FIND(" ",AF78)-1) | AF78: =IF(OR(O78="-", P78="-"), "-", IF(MROUND(ABS(O78-P78),0.5)<=0.5, IF(O78>P78, B78 & " ML", H78 & " ML"), IF(MROUND(ABS(O78-P78),0.5)=1, IF(O78>P78, H78 & " +1.5", B78 & " +1.5"), IF(O78>P78, B78 & " -1.5", H78 & " -1.5") ) ) ) | AG78: =_xlfn.LET( _xlpm.winA, O78^1.83 / (O78^1.83 + P78^1.83), _xlpm.winB, 1 - _xlpm.winA, _xlpm.oddsA, IF(_xlpm.winA >= 0.5, "-" & ROUND(_xlpm.winA / (1 - _xlpm.winA) * 100, 0), "+" & ROUND((1 - _xlpm.winA) / _xlpm.winA * 100, 0)), _xlpm.oddsB, IF(_xlpm.winB >= 0.5, "-" & ROUND(_xlpm.winB / (1 - _xlpm.winB) * 100, 0), "+" & ROUND((1 - _xlpm.winB) / _xlpm.winB * 100, 0)), _xlpm.oddsA & " / " & _xlpm.oddsB)
A79: 46113 | B79: PIRATES | C79: =VLOOKUP(B79, 'MLB Data'!$B$5:$D$34, 3, FALSE) | D79: SKENES | F79: =VLOOKUP(B79, 'MLB Data'!$F$2:$H$34, 3, FALSE) | G79: =IF((E79*0.6+F79*0.4)<2.5, 2.8, IF((E79*0.6+F79*0.4)>5.5, 5.2, (E79*0.6+F79*0.4))) | H79: REDS | I79: =VLOOKUP(H79, 'MLB Data'!$B$5:$D$34, 3, FALSE) | J79: ABBOTT | L79: =VLOOKUP(H79, 'MLB Data'!$F$2:$H$34, 3, FALSE) | M79: =IF((K79*0.6+L79*0.4)<2.5, 2.8, IF((K79*0.6+L79*0.4)>5.5, 5.2, (K79*0.6+L79*0.4))) | O79: =(C79/100) * 4.45 * (M79 / 4.2) * T79 | P79: =(I79/100) * 4.45 * (G79 / 4.2) * T79 | Q79: =(O79+P79) | S79: =H79 | T79: =IF(S79="ROCKIES",1.13,IF(S79="ATHLETICS",1.03,IF(S79="ROYALS",1.03,IF(S79="TWINS",1,IF(S79="TIGERS",1,IF(S79="MARLINS",1.01,IF(S79="REDS",1.05,IF(S79="RED SOX",1.04,IF(S79="YANKEES",1.02,IF(S79="DODGERS",0.99,IF(S79="PADRES",0.96,IF(S79="CUBS",0.98,IF(S79="GIANTS",0.97,IF(S79="MARINERS",0.94,IF(S79="RANGERS",1,IF(S79="ASTROS",0.99,IF(S79="BRAVES",1,IF(S79="METS",0.96,IF(S79="PHILLIES",1.02,IF(S79="BLUE JAYS",1.01,IF(S79="ORIOLES",0.99,IF(S79="RAYS",1.01,IF(S79="GUARDIANS",0.99,IF(S79="WHITE SOX",0.98,IF(S79="ANGELS",1.01,IF(S79="D-BACKS",1.01,IF(S79="BREWERS",0.99,IF(S79="CARDINALS",0.96,IF(S79="PIRATES",1.02,IF(S79="NATIONALS",1,1))))))))))))))))))))))))))))))*IF(W79="",1,(1+((W79-70)/10*0.035)))*IF(U79="DOME",1,IF(U79="IN",1-(V79*0.01),IF(U79="OUT",1+(V79*0.01),IF(OR(U79="L-R",U79="R-L"),1+(V79*0.005),1)))) | U79: OUT | W79: 63 | Y79: =B79 & " vs. " & H79 | Z79: =TRIM(LEFT(Y79, FIND("vs.", Y79)-1)) | AA79: =TRIM(MID(Y79, FIND(" vs. ", Y79)+4, 100)) | AB79: =IF(Q79 > VALUE(AC79), "O " & AC79, IF(Q79 < VALUE(AC79), "U " & AC79, AC79)) | AC79: =IF(OR(O79="-", P79="-"), "-", MROUND(O79 + P79, 0.5)) | AD79: =VALUE(TRIM(RIGHT(AF79, LEN(AF79) - FIND(" ", AF79)))) | AE79: =LEFT(AF79,FIND(" ",AF79)-1) | AF79: =IF(OR(O79="-", P79="-"), "-", IF(MROUND(ABS(O79-P79),0.5)<=0.5, IF(O79>P79, B79 & " ML", H79 & " ML"), IF(MROUND(ABS(O79-P79),0.5)=1, IF(O79>P79, H79 & " +1.5", B79 & " +1.5"), IF(O79>P79, B79 & " -1.5", H79 & " -1.5") ) ) ) | AG79: =_xlfn.LET( _xlpm.winA, O79^1.83 / (O79^1.83 + P79^1.83), _xlpm.winB, 1 - _xlpm.winA, _xlpm.oddsA, IF(_xlpm.winA >= 0.5, "-" & ROUND(_xlpm.winA / (1 - _xlpm.winA) * 100, 0), "+" & ROUND((1 - _xlpm.winA) / _xlpm.winA * 100, 0)), _xlpm.oddsB, IF(_xlpm.winB >= 0.5, "-" & ROUND(_xlpm.winB / (1 - _xlpm.winB) * 100, 0), "+" & ROUND((1 - _xlpm.winB) / _xlpm.winB * 100, 0)), _xlpm.oddsA & " / " & _xlpm.oddsB)
A80: 46113 | B80: RANGERS | C80: =VLOOKUP(B80, 'MLB Data'!$B$5:$D$34, 3, FALSE) | D80: EOVALDI | F80: =VLOOKUP(B80, 'MLB Data'!$F$2:$H$34, 3, FALSE) | G80: =IF((E80*0.6+F80*0.4)<2.5, 2.8, IF((E80*0.6+F80*0.4)>5.5, 5.2, (E80*0.6+F80*0.4))) | H80: ORIOLES | I80: =VLOOKUP(H80, 'MLB Data'!$B$5:$D$34, 3, FALSE) | J80: ROGERS | L80: =VLOOKUP(H80, 'MLB Data'!$F$2:$H$34, 3, FALSE) | M80: =IF((K80*0.6+L80*0.4)<2.5, 2.8, IF((K80*0.6+L80*0.4)>5.5, 5.2, (K80*0.6+L80*0.4))) | O80: =(C80/100) * 4.45 * (M80 / 4.2) * T80 | P80: =(I80/100) * 4.45 * (G80 / 4.2) * T80 | Q80: =(O80+P80) | S80: =H80 | T80: =IF(S80="ROCKIES",1.13,IF(S80="ATHLETICS",1.03,IF(S80="ROYALS",1.03,IF(S80="TWINS",1,IF(S80="TIGERS",1,IF(S80="MARLINS",1.01,IF(S80="REDS",1.05,IF(S80="RED SOX",1.04,IF(S80="YANKEES",1.02,IF(S80="DODGERS",0.99,IF(S80="PADRES",0.96,IF(S80="CUBS",0.98,IF(S80="GIANTS",0.97,IF(S80="MARINERS",0.94,IF(S80="RANGERS",1,IF(S80="ASTROS",0.99,IF(S80="BRAVES",1,IF(S80="METS",0.96,IF(S80="PHILLIES",1.02,IF(S80="BLUE JAYS",1.01,IF(S80="ORIOLES",0.99,IF(S80="RAYS",1.01,IF(S80="GUARDIANS",0.99,IF(S80="WHITE SOX",0.98,IF(S80="ANGELS",1.01,IF(S80="D-BACKS",1.01,IF(S80="BREWERS",0.99,IF(S80="CARDINALS",0.96,IF(S80="PIRATES",1.02,IF(S80="NATIONALS",1,1))))))))))))))))))))))))))))))*IF(W80="",1,(1+((W80-70)/10*0.035)))*IF(U80="DOME",1,IF(U80="IN",1-(V80*0.01),IF(U80="OUT",1+(V80*0.01),IF(OR(U80="L-R",U80="R-L"),1+(V80*0.005),1)))) | U80: OUT | W80: 63 | Y80: =B80 & " vs. " & H80 | Z80: =TRIM(LEFT(Y80, FIND("vs.", Y80)-1)) | AA80: =TRIM(MID(Y80, FIND(" vs. ", Y80)+4, 100)) | AB80: =IF(Q80 > VALUE(AC80), "O " & AC80, IF(Q80 < VALUE(AC80), "U " & AC80, AC80)) | AC80: =IF(OR(O80="-", P80="-"), "-", MROUND(O80 + P80, 0.5)) | AD80: =VALUE(TRIM(RIGHT(AF80, LEN(AF80) - FIND(" ", AF80)))) | AE80: =LEFT(AF80,FIND(" ",AF80)-1) | AF80: =IF(OR(O80="-", P80="-"), "-", IF(MROUND(ABS(O80-P80),0.5)<=0.5, IF(O80>P80, B80 & " ML", H80 & " ML"), IF(MROUND(ABS(O80-P80),0.5)=1, IF(O80>P80, H80 & " +1.5", B80 & " +1.5"), IF(O80>P80, B80 & " -1.5", H80 & " -1.5") ) ) ) | AG80: =_xlfn.LET( _xlpm.winA, O80^1.83 / (O80^1.83 + P80^1.83), _xlpm.winB, 1 - _xlpm.winA, _xlpm.oddsA, IF(_xlpm.winA >= 0.5, "-" & ROUND(_xlpm.winA / (1 - _xlpm.winA) * 100, 0), "+" & ROUND((1 - _xlpm.winA) / _xlpm.winA * 100, 0)), _xlpm.oddsB, IF(_xlpm.winB >= 0.5, "-" & ROUND(_xlpm.winB / (1 - _xlpm.winB) * 100, 0), "+" & ROUND((1 - _xlpm.winB) / _xlpm.winB * 100, 0)), _xlpm.oddsA & " / " & _xlpm.oddsB)
A81: 46113 | B81: WHITE SOX | C81: =VLOOKUP(B81, 'MLB Data'!$B$5:$D$34, 3, FALSE) | D81: BURKE | F81: =VLOOKUP(B81, 'MLB Data'!$F$2:$H$34, 3, FALSE) | G81: =IF((E81*0.6+F81*0.4)<2.5, 2.8, IF((E81*0.6+F81*0.4)>5.5, 5.2, (E81*0.6+F81*0.4))) | H81: MARLINS | I81: =VLOOKUP(H81, 'MLB Data'!$B$5:$D$34, 3, FALSE) | J81: ALCANTARA | L81: =VLOOKUP(H81, 'MLB Data'!$F$2:$H$34, 3, FALSE) | M81: =IF((K81*0.6+L81*0.4)<2.5, 2.8, IF((K81*0.6+L81*0.4)>5.5, 5.2, (K81*0.6+L81*0.4))) | O81: =(C81/100) * 4.45 * (M81 / 4.2) * T81 | P81: =(I81/100) * 4.45 * (G81 / 4.2) * T81 | Q81: =(O81+P81) | S81: =H81 | T81: =IF(S81="ROCKIES",1.13,IF(S81="ATHLETICS",1.03,IF(S81="ROYALS",1.03,IF(S81="TWINS",1,IF(S81="TIGERS",1,IF(S81="MARLINS",1.01,IF(S81="REDS",1.05,IF(S81="RED SOX",1.04,IF(S81="YANKEES",1.02,IF(S81="DODGERS",0.99,IF(S81="PADRES",0.96,IF(S81="CUBS",0.98,IF(S81="GIANTS",0.97,IF(S81="MARINERS",0.94,IF(S81="RANGERS",1,IF(S81="ASTROS",0.99,IF(S81="BRAVES",1,IF(S81="METS",0.96,IF(S81="PHILLIES",1.02,IF(S81="BLUE JAYS",1.01,IF(S81="ORIOLES",0.99,IF(S81="RAYS",1.01,IF(S81="GUARDIANS",0.99,IF(S81="WHITE SOX",0.98,IF(S81="ANGELS",1.01,IF(S81="D-BACKS",1.01,IF(S81="BREWERS",0.99,IF(S81="CARDINALS",0.96,IF(S81="PIRATES",1.02,IF(S81="NATIONALS",1,1))))))))))))))))))))))))))))))*IF(W81="",1,(1+((W81-70)/10*0.035)))*IF(U81="DOME",1,IF(U81="IN",1-(V81*0.01),IF(U81="OUT",1+(V81*0.01),IF(OR(U81="L-R",U81="R-L"),1+(V81*0.005),1)))) | U81: OUT | W81: 63 | Y81: =B81 & " vs. " & H81 | Z81: =TRIM(LEFT(Y81, FIND("vs.", Y81)-1)) | AA81: =TRIM(MID(Y81, FIND(" vs. ", Y81)+4, 100)) | AB81: =IF(Q81 > VALUE(AC81), "O " & AC81, IF(Q81 < VALUE(AC81), "U " & AC81, AC81)) | AC81: =IF(OR(O81="-", P81="-"), "-", MROUND(O81 + P81, 0.5)) | AD81: =VALUE(TRIM(RIGHT(AF81, LEN(AF81) - FIND(" ", AF81)))) | AE81: =LEFT(AF81,FIND(" ",AF81)-1) | AF81: =IF(OR(O81="-", P81="-"), "-", IF(MROUND(ABS(O81-P81),0.5)<=0.5, IF(O81>P81, B81 & " ML", H81 & " ML"), IF(MROUND(ABS(O81-P81),0.5)=1, IF(O81>P81, H81 & " +1.5", B81 & " +1.5"), IF(O81>P81, B81 & " -1.5", H81 & " -1.5") ) ) ) | AG81: =_xlfn.LET( _xlpm.winA, O81^1.83 / (O81^1.83 + P81^1.83), _xlpm.winB, 1 - _xlpm.winA, _xlpm.oddsA, IF(_xlpm.winA >= 0.5, "-" & ROUND(_xlpm.winA / (1 - _xlpm.winA) * 100, 0), "+" & ROUND((1 - _xlpm.winA) / _xlpm.winA * 100, 0)), _xlpm.oddsB, IF(_xlpm.winB >= 0.5, "-" & ROUND(_xlpm.winB / (1 - _xlpm.winB) * 100, 0), "+" & ROUND((1 - _xlpm.winB) / _xlpm.winB * 100, 0)), _xlpm.oddsA & " / " & _xlpm.oddsB)
A82: 46113 | B82: NATIONALS | C82: =VLOOKUP(B82, 'MLB Data'!$B$5:$D$34, 3, FALSE) | D82: CAVALLI | F82: =VLOOKUP(B82, 'MLB Data'!$F$2:$H$34, 3, FALSE) | G82: =IF((E82*0.6+F82*0.4)<2.5, 2.8, IF((E82*0.6+F82*0.4)>5.5, 5.2, (E82*0.6+F82*0.4))) | H82: PHILLIES | I82: =VLOOKUP(H82, 'MLB Data'!$B$5:$D$34, 3, FALSE) | J82: SANCHEZ | L82: =VLOOKUP(H82, 'MLB Data'!$F$2:$H$34, 3, FALSE) | M82: =IF((K82*0.6+L82*0.4)<2.5, 2.8, IF((K82*0.6+L82*0.4)>5.5, 5.2, (K82*0.6+L82*0.4))) | O82: =(C82/100) * 4.45 * (M82 / 4.2) * T82 | P82: =(I82/100) * 4.45 * (G82 / 4.2) * T82 | Q82: =(O82+P82) | S82: =H82 | T82: =IF(S82="ROCKIES",1.13,IF(S82="ATHLETICS",1.03,IF(S82="ROYALS",1.03,IF(S82="TWINS",1,IF(S82="TIGERS",1,IF(S82="MARLINS",1.01,IF(S82="REDS",1.05,IF(S82="RED SOX",1.04,IF(S82="YANKEES",1.02,IF(S82="DODGERS",0.99,IF(S82="PADRES",0.96,IF(S82="CUBS",0.98,IF(S82="GIANTS",0.97,IF(S82="MARINERS",0.94,IF(S82="RANGERS",1,IF(S82="ASTROS",0.99,IF(S82="BRAVES",1,IF(S82="METS",0.96,IF(S82="PHILLIES",1.02,IF(S82="BLUE JAYS",1.01,IF(S82="ORIOLES",0.99,IF(S82="RAYS",1.01,IF(S82="GUARDIANS",0.99,IF(S82="WHITE SOX",0.98,IF(S82="ANGELS",1.01,IF(S82="D-BACKS",1.01,IF(S82="BREWERS",0.99,IF(S82="CARDINALS",0.96,IF(S82="PIRATES",1.02,IF(S82="NATIONALS",1,1))))))))))))))))))))))))))))))*IF(W82="",1,(1+((W82-70)/10*0.035)))*IF(U82="DOME",1,IF(U82="IN",1-(V82*0.01),IF(U82="OUT",1+(V82*0.01),IF(OR(U82="L-R",U82="R-L"),1+(V82*0.005),1)))) | U82: OUT | W82: 63 | Y82: =B82 & " vs. " & H82 | Z82: =TRIM(LEFT(Y82, FIND("vs.", Y82)-1)) | AA82: =TRIM(MID(Y82, FIND(" vs. ", Y82)+4, 100)) | AB82: =IF(Q82 > VALUE(AC82), "O " & AC82, IF(Q82 < VALUE(AC82), "U " & AC82, AC82)) | AC82: =IF(OR(O82="-", P82="-"), "-", MROUND(O82 + P82, 0.5)) | AD82: =VALUE(TRIM(RIGHT(AF82, LEN(AF82) - FIND(" ", AF82)))) | AE82: =LEFT(AF82,FIND(" ",AF82)-1) | AF82: =IF(OR(O82="-", P82="-"), "-", IF(MROUND(ABS(O82-P82),0.5)<=0.5, IF(O82>P82, B82 & " ML", H82 & " ML"), IF(MROUND(ABS(O82-P82),0.5)=1, IF(O82>P82, H82 & " +1.5", B82 & " +1.5"), IF(O82>P82, B82 & " -1.5", H82 & " -1.5") ) ) ) | AG82: =_xlfn.LET( _xlpm.winA, O82^1.83 / (O82^1.83 + P82^1.83), _xlpm.winB, 1 - _xlpm.winA, _xlpm.oddsA, IF(_xlpm.winA >= 0.5, "-" & ROUND(_xlpm.winA / (1 - _xlpm.winA) * 100, 0), "+" & ROUND((1 - _xlpm.winA) / _xlpm.winA * 100, 0)), _xlpm.oddsB, IF(_xlpm.winB >= 0.5, "-" & ROUND(_xlpm.winB / (1 - _xlpm.winB) * 100, 0), "+" & ROUND((1 - _xlpm.winB) / _xlpm.winB * 100, 0)), _xlpm.oddsA & " / " & _xlpm.oddsB)
